
==============================================================================
Loading database
==============================================================================

Loading cameras... 1 in 0.000s
Loading matches... 8132 in 0.057s
Loading images... 133 in 0.012s (connected 133)
Building correspondence graph... in 0.743s (ignored 0)

Elapsed time: 0.014 [minutes]


==============================================================================
Finding good initial image pair
==============================================================================


==============================================================================
Initializing with image pair #80 and #21
==============================================================================


==============================================================================
Global bundle adjustment
==============================================================================

iter      cost      cost_change  |gradient|   |step|    tr_ratio  tr_radius  ls_iter  iter_time  total_time
   0  3.915325e+02    0.00e+00    1.01e+04   0.00e+00   0.00e+00  1.00e+04        0    1.45e-03    6.06e-03
   1  3.552803e+02    3.63e+01    1.75e+04   1.35e+01   9.60e-01  3.00e+04        1    4.30e-03    1.04e-02
   2  3.525145e+02    2.77e+00    6.53e+03   9.40e+00   8.36e-01  4.31e+04        1    1.84e-03    1.22e-02
   3  3.515172e+02    9.97e-01    2.51e+03   6.23e+00   9.14e-01  9.95e+04        1    1.85e-03    1.41e-02
   4  3.511493e+02    3.68e-01    6.92e+03   8.98e+00   4.84e-01  9.95e+04        1    1.91e-03    1.60e-02
   5  3.504874e+02    6.62e-01    4.48e+03   6.03e+00   9.06e-01  2.14e+05        1    1.96e-03    1.80e-02
   6  3.502641e+02    2.23e-01    8.27e+03   6.07e+00   7.37e-01  2.39e+05        1    2.03e-03    2.00e-02
   7  3.501200e+02    1.44e-01    3.58e+03   2.63e+00   9.35e-01  7.02e+05        1    2.02e-03    2.21e-02
   8  3.500521e+02    6.79e-02    5.06e+02   3.76e-01   9.09e-01  1.54e+06        1    2.02e-03    2.41e-02
   9  3.513013e+02   -1.25e+00    5.06e+02   3.66e+00  -1.16e+01  7.72e+05        1    8.57e-04    2.50e-02
  10  3.500606e+02   -8.49e-03    5.06e+02   1.65e+00  -1.43e-01  1.93e+05        1    7.86e-04    2.58e-02
  11  3.500310e+02    2.11e-02    2.51e+02   2.36e-01   1.01e+00  5.79e+05        1    1.93e-03    2.77e-02
  12  3.500202e+02    1.08e-02    4.28e+03   1.42e+00   2.73e-01  5.30e+05        1    1.93e-03    2.97e-02
  13  3.499794e+02    4.08e-02    4.02e+03   1.46e+00   6.23e-01  5.38e+05        1    2.01e-03    3.17e-02
  14  3.499479e+02    3.15e-02    4.58e+03   1.59e+00   4.96e-01  5.38e+05        1    2.00e-03    3.37e-02
  15  3.499109e+02    3.70e-02    4.82e+03   1.64e+00   5.16e-01  5.38e+05        1    2.03e-03    3.57e-02
  16  3.498728e+02    3.81e-02    5.06e+03   1.68e+00   5.05e-01  5.38e+05        1    2.02e-03    3.78e-02
  17  3.498334e+02    3.94e-02    5.29e+03   1.72e+00   4.96e-01  5.38e+05        1    2.03e-03    3.98e-02
  18  3.497930e+02    4.04e-02    5.53e+03   1.76e+00   4.86e-01  5.38e+05        1    2.01e-03    4.18e-02
  19  3.497515e+02    4.14e-02    5.77e+03   1.79e+00   4.77e-01  5.38e+05        1    1.99e-03    4.38e-02
  20  3.497091e+02    4.24e-02    6.03e+03   1.83e+00   4.67e-01  5.38e+05        1    1.98e-03    4.58e-02
  21  3.496656e+02    4.35e-02    6.30e+03   1.86e+00   4.57e-01  5.37e+05        1    2.00e-03    4.78e-02
  22  3.496210e+02    4.46e-02    6.57e+03   1.90e+00   4.48e-01  5.37e+05        1    1.98e-03    4.98e-02
  23  3.495753e+02    4.57e-02    6.85e+03   1.94e+00   4.40e-01  5.36e+05        1    2.01e-03    5.18e-02
  24  3.495285e+02    4.69e-02    7.14e+03   1.97e+00   4.33e-01  5.34e+05        1    2.04e-03    5.39e-02
  25  3.494804e+02    4.81e-02    7.42e+03   2.01e+00   4.26e-01  5.33e+05        1    2.02e-03    5.59e-02
  26  3.494311e+02    4.93e-02    7.70e+03   2.04e+00   4.20e-01  5.30e+05        1    2.04e-03    5.80e-02
  27  3.493807e+02    5.05e-02    7.98e+03   2.07e+00   4.15e-01  5.28e+05        1    2.02e-03    6.00e-02
  28  3.493290e+02    5.17e-02    8.26e+03   2.10e+00   4.11e-01  5.25e+05        1    2.00e-03    6.20e-02
  29  3.492761e+02    5.29e-02    8.53e+03   2.13e+00   4.07e-01  5.22e+05        1    2.04e-03    6.41e-02
  30  3.492220e+02    5.41e-02    8.79e+03   2.16e+00   4.04e-01  5.18e+05        1    2.03e-03    6.61e-02
  31  3.491668e+02    5.52e-02    9.05e+03   2.19e+00   4.02e-01  5.14e+05        1    2.03e-03    6.82e-02
  32  3.491106e+02    5.63e-02    9.30e+03   2.21e+00   4.00e-01  5.10e+05        1    2.04e-03    7.02e-02
  33  3.490532e+02    5.73e-02    9.55e+03   2.24e+00   3.98e-01  5.06e+05        1    2.04e-03    7.23e-02
  34  3.489949e+02    5.83e-02    9.79e+03   2.26e+00   3.97e-01  5.01e+05        1    2.00e-03    7.43e-02
  35  3.489356e+02    5.93e-02    1.00e+04   2.28e+00   3.96e-01  4.97e+05        1    1.97e-03    7.63e-02
  36  3.488754e+02    6.02e-02    1.03e+04   2.30e+00   3.95e-01  4.92e+05        1    1.95e-03    7.82e-02
  37  3.488142e+02    6.11e-02    1.05e+04   2.32e+00   3.95e-01  4.88e+05        1    1.96e-03    8.02e-02
  38  3.487523e+02    6.20e-02    1.07e+04   2.34e+00   3.94e-01  4.83e+05        1    2.06e-03    8.23e-02
  39  3.486895e+02    6.28e-02    1.09e+04   2.36e+00   3.94e-01  4.79e+05        1    1.95e-03    8.42e-02
  40  3.486260e+02    6.35e-02    1.12e+04   2.38e+00   3.94e-01  4.74e+05        1    2.09e-03    8.64e-02
  41  3.485617e+02    6.43e-02    1.14e+04   2.40e+00   3.94e-01  4.70e+05        1    2.03e-03    8.84e-02
  42  3.484967e+02    6.50e-02    1.16e+04   2.42e+00   3.94e-01  4.65e+05        1    2.04e-03    9.04e-02
  43  3.484310e+02    6.57e-02    1.18e+04   2.43e+00   3.94e-01  4.61e+05        1    2.00e-03    9.25e-02
  44  3.483647e+02    6.63e-02    1.20e+04   2.45e+00   3.95e-01  4.57e+05        1    2.20e-03    9.47e-02
  45  3.482978e+02    6.69e-02    1.23e+04   2.47e+00   3.95e-01  4.53e+05        1    1.98e-03    9.67e-02
  46  3.482302e+02    6.75e-02    1.25e+04   2.48e+00   3.96e-01  4.48e+05        1    2.09e-03    9.88e-02
  47  3.481621e+02    6.81e-02    1.27e+04   2.50e+00   3.96e-01  4.44e+05        1    2.12e-03    1.01e-01
  48  3.480935e+02    6.87e-02    1.29e+04   2.52e+00   3.96e-01  4.40e+05        1    2.09e-03    1.03e-01
  49  3.480243e+02    6.92e-02    1.31e+04   2.53e+00   3.97e-01  4.37e+05        1    2.07e-03    1.05e-01
  50  3.479545e+02    6.97e-02    1.33e+04   2.55e+00   3.97e-01  4.33e+05        1    2.07e-03    1.07e-01
  51  3.478844e+02    7.02e-02    1.35e+04   2.56e+00   3.98e-01  4.29e+05        1    2.04e-03    1.09e-01
  52  3.478137e+02    7.07e-02    1.37e+04   2.58e+00   3.99e-01  4.26e+05        1    2.03e-03    1.11e-01
  53  3.477426e+02    7.11e-02    1.40e+04   2.59e+00   3.99e-01  4.22e+05        1    2.09e-03    1.13e-01
  54  3.476711e+02    7.15e-02    1.42e+04   2.60e+00   4.00e-01  4.19e+05        1    2.02e-03    1.15e-01
  55  3.475991e+02    7.19e-02    1.44e+04   2.62e+00   4.01e-01  4.16e+05        1    2.02e-03    1.17e-01
  56  3.475268e+02    7.23e-02    1.46e+04   2.63e+00   4.01e-01  4.13e+05        1    2.06e-03    1.20e-01
  57  3.474541e+02    7.27e-02    1.48e+04   2.64e+00   4.02e-01  4.09e+05        1    2.08e-03    1.22e-01
  58  3.473811e+02    7.30e-02    1.50e+04   2.66e+00   4.03e-01  4.06e+05        1    2.08e-03    1.24e-01
  59  3.473077e+02    7.34e-02    1.52e+04   2.67e+00   4.03e-01  4.04e+05        1    2.07e-03    1.26e-01
  60  3.472340e+02    7.37e-02    1.55e+04   2.68e+00   4.04e-01  4.01e+05        1    2.04e-03    1.28e-01
  61  3.471600e+02    7.40e-02    1.57e+04   2.70e+00   4.05e-01  3.98e+05        1    1.99e-03    1.30e-01
  62  3.470857e+02    7.43e-02    1.59e+04   2.71e+00   4.06e-01  3.95e+05        1    2.11e-03    1.32e-01
  63  3.470112e+02    7.45e-02    1.61e+04   2.72e+00   4.06e-01  3.93e+05        1    2.15e-03    1.34e-01
  64  3.469364e+02    7.48e-02    1.63e+04   2.73e+00   4.07e-01  3.90e+05        1    2.07e-03    1.36e-01
  65  3.468613e+02    7.50e-02    1.65e+04   2.75e+00   4.08e-01  3.88e+05        1    2.06e-03    1.38e-01
  66  3.467861e+02    7.53e-02    1.67e+04   2.76e+00   4.09e-01  3.85e+05        1    2.06e-03    1.40e-01
  67  3.467106e+02    7.55e-02    1.70e+04   2.77e+00   4.09e-01  3.83e+05        1    2.00e-03    1.42e-01
  68  3.466350e+02    7.56e-02    1.72e+04   2.78e+00   4.10e-01  3.81e+05        1    1.98e-03    1.44e-01
  69  3.465592e+02    7.58e-02    1.74e+04   2.79e+00   4.11e-01  3.79e+05        1    1.95e-03    1.46e-01
  70  3.464832e+02    7.60e-02    1.76e+04   2.80e+00   4.12e-01  3.77e+05        1    2.08e-03    1.48e-01
  71  3.464071e+02    7.61e-02    1.78e+04   2.82e+00   4.13e-01  3.75e+05        1    2.06e-03    1.51e-01
  72  3.463309e+02    7.62e-02    1.80e+04   2.83e+00   4.13e-01  3.73e+05        1    2.08e-03    1.53e-01
  73  3.462545e+02    7.63e-02    1.82e+04   2.84e+00   4.14e-01  3.71e+05        1    2.03e-03    1.55e-01
  74  3.461781e+02    7.64e-02    1.85e+04   2.85e+00   4.15e-01  3.69e+05        1    2.03e-03    1.57e-01
  75  3.461016e+02    7.65e-02    1.87e+04   2.86e+00   4.16e-01  3.67e+05        1    2.02e-03    1.59e-01
  76  3.460250e+02    7.66e-02    1.89e+04   2.87e+00   4.17e-01  3.66e+05        1    1.99e-03    1.61e-01
  77  3.459483e+02    7.66e-02    1.91e+04   2.88e+00   4.17e-01  3.64e+05        1    1.95e-03    1.63e-01
  78  3.458716e+02    7.67e-02    1.93e+04   2.89e+00   4.18e-01  3.62e+05        1    2.01e-03    1.65e-01
  79  3.457949e+02    7.67e-02    1.95e+04   2.90e+00   4.19e-01  3.61e+05        1    2.04e-03    1.67e-01
  80  3.457182e+02    7.67e-02    1.97e+04   2.91e+00   4.20e-01  3.59e+05        1    2.13e-03    1.69e-01
  81  3.456415e+02    7.67e-02    1.99e+04   2.92e+00   4.21e-01  3.58e+05        1    2.05e-03    1.71e-01
  82  3.455648e+02    7.67e-02    2.02e+04   2.93e+00   4.22e-01  3.57e+05        1    2.06e-03    1.73e-01
  83  3.454881e+02    7.67e-02    2.04e+04   2.94e+00   4.23e-01  3.55e+05        1    2.02e-03    1.75e-01
  84  3.454114e+02    7.67e-02    2.06e+04   2.95e+00   4.23e-01  3.54e+05        1    2.03e-03    1.77e-01
  85  3.453348e+02    7.66e-02    2.08e+04   2.96e+00   4.24e-01  3.53e+05        1    1.98e-03    1.79e-01
  86  3.452582e+02    7.66e-02    2.10e+04   2.96e+00   4.25e-01  3.52e+05        1    2.01e-03    1.81e-01
  87  3.451818e+02    7.65e-02    2.12e+04   2.97e+00   4.26e-01  3.50e+05        1    2.05e-03    1.83e-01
  88  3.451054e+02    7.64e-02    2.14e+04   2.98e+00   4.27e-01  3.49e+05        1    2.05e-03    1.85e-01
  89  3.450291e+02    7.63e-02    2.16e+04   2.99e+00   4.28e-01  3.48e+05        1    2.06e-03    1.87e-01
  90  3.449529e+02    7.62e-02    2.18e+04   3.00e+00   4.29e-01  3.47e+05        1    2.00e-03    1.89e-01
  91  3.448768e+02    7.61e-02    2.20e+04   3.00e+00   4.30e-01  3.46e+05        1    2.03e-03    1.91e-01
  92  3.448008e+02    7.60e-02    2.22e+04   3.01e+00   4.31e-01  3.45e+05        1    2.01e-03    1.93e-01
  93  3.447250e+02    7.58e-02    2.24e+04   3.02e+00   4.32e-01  3.45e+05        1    1.96e-03    1.95e-01
  94  3.446493e+02    7.57e-02    2.26e+04   3.03e+00   4.33e-01  3.44e+05        1    2.00e-03    1.97e-01
  95  3.445738e+02    7.55e-02    2.28e+04   3.03e+00   4.34e-01  3.43e+05        1    2.05e-03    1.99e-01
  96  3.444985e+02    7.53e-02    2.30e+04   3.04e+00   4.35e-01  3.42e+05        1    2.15e-03    2.02e-01
  97  3.444233e+02    7.52e-02    2.32e+04   3.05e+00   4.36e-01  3.41e+05        1    2.06e-03    2.04e-01
  98  3.443483e+02    7.50e-02    2.34e+04   3.06e+00   4.37e-01  3.41e+05        1    2.07e-03    2.06e-01
  99  3.442735e+02    7.48e-02    2.35e+04   3.06e+00   4.38e-01  3.40e+05        1    2.05e-03    2.08e-01
 100  3.441990e+02    7.46e-02    2.37e+04   3.07e+00   4.39e-01  3.39e+05        1    2.04e-03    2.10e-01


Bundle adjustment report
------------------------
    Residuals : 3056
   Parameters : 2299
   Iterations : 101
         Time : 0.210007 [s]
 Initial cost : 0.357938 [px]
   Final cost : 0.335605 [px]
  Termination : No convergence

  => Filtered observations: 0
  => Filtered images: 0

==============================================================================
Registering image #24 (3)
==============================================================================

  => Image sees 623 / 2872 points

Pose refinement report
----------------------
    Residuals : 1248
   Parameters : 6
   Iterations : 9
         Time : 0.00837588 [s]
 Initial cost : 0.502725 [px]
   Final cost : 0.458456 [px]
  Termination : Convergence

  => Continued observations: 623
  => Added observations: 2646

Bundle adjustment report
------------------------
    Residuals : 9594
   Parameters : 6061
   Iterations : 26
         Time : 0.197818 [s]
 Initial cost : 0.387172 [px]
   Final cost : 0.338162 [px]
  Termination : No convergence

  => Merged observations: 4
  => Completed observations: 13
  => Filtered observations: 8
  => Changed observations: 0.005212

Bundle adjustment report
------------------------
    Residuals : 9604
   Parameters : 6058
   Iterations : 26
         Time : 0.197753 [s]
 Initial cost : 0.401508 [px]
   Final cost : 0.390273 [px]
  Termination : No convergence

  => Merged observations: 6
  => Completed observations: 2
  => Filtered observations: 0
  => Changed observations: 0.001666

==============================================================================
Retriangulation
==============================================================================

  => Completed observations: 0
  => Merged observations: 0
  => Retriangulated observations: 0

==============================================================================
Global bundle adjustment
==============================================================================

iter      cost      cost_change  |gradient|   |step|    tr_ratio  tr_radius  ls_iter  iter_time  total_time
   0  1.483742e+03    0.00e+00    1.09e+02   0.00e+00   0.00e+00  1.00e+04        0    4.59e-03    9.95e-03
   1  1.479699e+03    4.04e+00    4.20e-01   1.76e-01   1.00e+00  3.00e+04        1    8.66e-03    1.87e-02
   2  1.479698e+03    4.56e-04    1.16e+00   6.44e-02   1.01e+00  9.00e+04        1    6.94e-03    2.56e-02
   3  1.479698e+03    3.82e-04    1.80e+00   1.54e-01   1.01e+00  2.70e+05        1    7.70e-03    3.33e-02
   4  1.479698e+03    2.82e-04    1.79e+00   2.72e-01   1.03e+00  8.10e+05        1    7.32e-03    4.07e-02
   5  1.479697e+03    2.24e-04    2.05e+00   5.47e-01   1.02e+00  2.43e+06        1    7.70e-03    4.84e-02
   6  1.479697e+03    2.13e-04    2.50e+00   8.67e-01   1.02e+00  7.29e+06        1    7.51e-03    5.59e-02
   7  1.479697e+03    9.23e-05    1.92e+00   7.14e-01   1.10e+00  2.19e+07        1    7.48e-03    6.34e-02
   8  1.479697e+03    1.79e-05    1.96e+00   2.81e-01   1.26e+00  6.56e+07        1    7.87e-03    7.13e-02
   9  1.479697e+03    2.29e-06    8.11e-01   9.61e-02   1.31e+00  1.97e+08        1    7.12e-03    7.85e-02
  10  1.479697e+03    2.64e-07    1.18e-01   3.09e-02   1.33e+00  5.90e+08        1    7.94e-03    8.64e-02
  11  1.479697e+03    2.94e-08    1.59e-02   1.03e-02   1.33e+00  1.77e+09        1    7.00e-03    9.35e-02


Bundle adjustment report
------------------------
    Residuals : 9608
   Parameters : 6055
   Iterations : 12
         Time : 0.093775 [s]
 Initial cost : 0.392973 [px]
   Final cost : 0.392437 [px]
  Termination : Convergence

  => Completed observations: 0
  => Merged observations: 0
  => Filtered observations: 0
  => Changed observations: 0.000000
  => Filtered images: 0

==============================================================================
Registering image #22 (4)
==============================================================================

  => Image sees 1448 / 3030 points

Pose refinement report
----------------------
    Residuals : 2914
   Parameters : 6
   Iterations : 8
         Time : 0.0137911 [s]
 Initial cost : 0.530358 [px]
   Final cost : 0.486607 [px]
  Termination : Convergence

  => Continued observations: 1448
  => Added observations: 921

Bundle adjustment report
------------------------
    Residuals : 14346
   Parameters : 7342
   Iterations : 26
         Time : 0.315306 [s]
 Initial cost : 0.413732 [px]
   Final cost : 0.383139 [px]
  Termination : No convergence

  => Merged observations: 51
  => Completed observations: 70
  => Filtered observations: 28
  => Changed observations: 0.020772

Bundle adjustment report
------------------------
    Residuals : 14426
   Parameters : 7309
   Iterations : 17
         Time : 0.219108 [s]
 Initial cost : 0.47307 [px]
   Final cost : 0.459301 [px]
  Termination : Convergence

  => Merged observations: 0
  => Completed observations: 3
  => Filtered observations: 2
  => Changed observations: 0.000693

==============================================================================
Retriangulation
==============================================================================

  => Completed observations: 0
  => Merged observations: 0
  => Retriangulated observations: 0

==============================================================================
Global bundle adjustment
==============================================================================

iter      cost      cost_change  |gradient|   |step|    tr_ratio  tr_radius  ls_iter  iter_time  total_time
   0  3.040875e+03    0.00e+00    1.76e+02   0.00e+00   0.00e+00  1.00e+04        0    7.10e-03    1.57e-02
   1  3.032525e+03    8.35e+00    5.11e+00   5.94e-01   9.99e-01  3.00e+04        1    1.33e-02    2.90e-02
   2  3.032515e+03    1.09e-02    2.66e+00   2.97e-01   1.01e+00  9.00e+04        1    1.25e-02    4.15e-02
   3  3.032514e+03    9.10e-04    1.95e+00   8.02e-02   1.02e+00  2.70e+05        1    1.23e-02    5.38e-02
   4  3.032514e+03    1.02e-04    1.55e+00   9.03e-02   1.08e+00  8.10e+05        1    1.32e-02    6.70e-02
   5  3.032513e+03    4.77e-05    1.01e+00   1.67e-01   1.16e+00  2.43e+06        1    1.36e-02    8.06e-02
   6  3.032513e+03    4.52e-05    1.93e+00   3.48e-01   1.12e+00  7.29e+06        1    1.23e-02    9.30e-02
   7  3.032513e+03    3.81e-05    9.88e-01   4.54e-01   1.19e+00  2.19e+07        1    1.23e-02    1.05e-01
   8  3.032513e+03    1.82e-05    1.98e+00   3.21e-01   1.40e+00  6.56e+07        1    1.28e-02    1.18e-01
   9  3.032513e+03    6.57e-06    1.98e+00   1.73e-01   1.52e+00  1.97e+08        1    1.32e-02    1.31e-01
  10  3.032513e+03    2.19e-06    7.83e-01   9.57e-02   1.55e+00  5.90e+08        1    1.22e-02    1.44e-01
  11  3.032513e+03    7.16e-07    3.75e-01   5.24e-02   1.56e+00  1.77e+09        1    1.23e-02    1.56e-01
  12  3.032513e+03    2.32e-07    1.58e-01   2.98e-02   1.57e+00  5.31e+09        1    1.27e-02    1.69e-01
  13  3.032513e+03    7.48e-08    6.78e-02   1.67e-02   1.57e+00  1.59e+10        1    1.33e-02    1.82e-01


Bundle adjustment report
------------------------
    Residuals : 14428
   Parameters : 7309
   Iterations : 14
         Time : 0.182255 [s]
 Initial cost : 0.459088 [px]
   Final cost : 0.458457 [px]
  Termination : Convergence

  => Completed observations: 0
  => Merged observations: 0
  => Filtered observations: 1
  => Changed observations: 0.000139
  => Filtered images: 0

==============================================================================
Registering image #8 (5)
==============================================================================

  => Image sees 1639 / 3077 points

Pose refinement report
----------------------
    Residuals : 3338
   Parameters : 6
   Iterations : 25
         Time : 0.0495791 [s]
 Initial cost : 0.782297 [px]
   Final cost : 0.69105 [px]
  Termination : Convergence

  => Continued observations: 1635
  => Added observations: 1812

Bundle adjustment report
------------------------
    Residuals : 21320
   Parameters : 9700
   Iterations : 26
         Time : 0.536826 [s]
 Initial cost : 0.565961 [px]
   Final cost : 0.480212 [px]
  Termination : No convergence

  => Merged observations: 152
  => Completed observations: 109
  => Filtered observations: 248
  => Changed observations: 0.047749

Bundle adjustment report
------------------------
    Residuals : 20574
   Parameters : 9094
   Iterations : 26
         Time : 0.512686 [s]
 Initial cost : 0.614427 [px]
   Final cost : 0.556489 [px]
  Termination : No convergence

  => Merged observations: 16
  => Completed observations: 347
  => Filtered observations: 69
  => Changed observations: 0.041995

==============================================================================
Retriangulation
==============================================================================

  => Completed observations: 15
  => Merged observations: 0
  => Retriangulated observations: 0

==============================================================================
Global bundle adjustment
==============================================================================

iter      cost      cost_change  |gradient|   |step|    tr_ratio  tr_radius  ls_iter  iter_time  total_time
   0  6.540481e+03    0.00e+00    2.83e+04   0.00e+00   0.00e+00  1.00e+04        0    1.12e-02    2.49e-02
   1  6.420731e+03    1.20e+02    2.35e+03   3.13e+01   1.01e+00  3.00e+04        1    2.16e-02    4.65e-02
   2  6.406156e+03    1.46e+01    3.19e+04   6.99e+01   6.93e-01  3.18e+04        1    2.18e-02    6.83e-02
   3  6.383861e+03    2.23e+01    2.44e+04   7.17e+01   8.70e-01  5.34e+04        1    2.00e-02    8.84e-02
   4  6.363610e+03    2.03e+01    3.71e+04   1.16e+02   6.88e-01  5.64e+04        1    2.06e-02    1.09e-01
   5  6.335364e+03    2.82e+01    2.46e+04   1.20e+02   8.64e-01  9.20e+04        1    2.08e-02    1.30e-01
   6  6.307052e+03    2.83e+01    3.18e+04   1.89e+02   7.58e-01  1.07e+05        1    2.19e-02    1.52e-01
   7  6.274492e+03    3.26e+01    2.64e+04   2.12e+02   8.11e-01  1.40e+05        1    2.00e-02    1.72e-01
   8  6.243256e+03    3.12e+01    2.72e+04   2.68e+02   7.49e-01  1.60e+05        1    2.05e-02    1.92e-01
   9  6.211478e+03    3.18e+01    2.55e+04   2.94e+02   7.66e-01  1.89e+05        1    2.05e-02    2.13e-01
  10  6.182057e+03    2.94e+01    2.44e+04   3.33e+02   7.46e-01  2.14e+05        1    2.61e-02    2.39e-01
  11  6.154242e+03    2.78e+01    2.32e+04   3.64e+02   7.50e-01  2.45e+05        1    2.49e-02    2.64e-01
  12  6.128705e+03    2.55e+01    2.18e+04   4.01e+02   7.45e-01  2.78e+05        1    2.84e-02    2.93e-01
  13  6.105162e+03    2.35e+01    2.07e+04   4.38e+02   7.45e-01  3.15e+05        1    2.96e-02    3.22e-01
  14  6.083606e+03    2.16e+01    1.94e+04   4.81e+02   7.44e-01  3.56e+05        1    2.49e-02    3.47e-01
  15  6.063860e+03    1.97e+01    1.83e+04   5.27e+02   7.44e-01  4.02e+05        1    2.35e-02    3.71e-01
  16  6.045789e+03    1.81e+01    1.73e+04   5.78e+02   7.43e-01  4.55e+05        1    2.31e-02    3.94e-01
  17  6.029249e+03    1.65e+01    1.63e+04   6.35e+02   7.43e-01  5.14e+05        1    2.29e-02    4.17e-01
  18  6.014105e+03    1.51e+01    1.54e+04   6.98e+02   7.43e-01  5.81e+05        1    2.53e-02    4.42e-01
  19  6.000236e+03    1.39e+01    1.46e+04   7.69e+02   7.43e-01  6.57e+05        1    2.32e-02    4.65e-01
  20  5.987529e+03    1.27e+01    1.38e+04   8.49e+02   7.44e-01  7.43e+05        1    2.30e-02    4.88e-01
  21  5.975883e+03    1.16e+01    1.31e+04   9.39e+02   7.44e-01  8.41e+05        1    2.55e-02    5.14e-01
  22  5.965207e+03    1.07e+01    1.25e+04   1.04e+03   7.44e-01  9.52e+05        1    2.32e-02    5.37e-01
  23  5.955420e+03    9.79e+00    1.18e+04   1.15e+03   7.45e-01  1.08e+06        1    2.39e-02    5.61e-01
  24  5.946446e+03    8.97e+00    1.12e+04   1.28e+03   7.45e-01  1.22e+06        1    2.50e-02    5.86e-01
  25  5.938220e+03    8.23e+00    1.07e+04   1.43e+03   7.46e-01  1.39e+06        1    2.34e-02    6.10e-01
  26  5.930679e+03    7.54e+00    1.01e+04   1.60e+03   7.47e-01  1.58e+06        1    2.35e-02    6.33e-01
  27  5.923769e+03    6.91e+00    9.64e+03   1.79e+03   7.48e-01  1.80e+06        1    2.24e-02    6.56e-01
  28  5.917441e+03    6.33e+00    9.16e+03   2.01e+03   7.48e-01  2.05e+06        1    2.22e-02    6.78e-01
  29  5.911647e+03    5.79e+00    8.70e+03   2.26e+03   7.49e-01  2.34e+06        1    2.41e-02    7.02e-01
  30  5.906348e+03    5.30e+00    8.25e+03   2.55e+03   7.50e-01  2.67e+06        1    2.56e-02    7.28e-01
  31  5.901505e+03    4.84e+00    7.83e+03   2.89e+03   7.51e-01  3.06e+06        1    2.37e-02    7.51e-01
  32  5.897083e+03    4.42e+00    7.42e+03   3.27e+03   7.53e-01  3.52e+06        1    2.08e-02    7.72e-01
  33  5.893049e+03    4.03e+00    7.03e+03   3.72e+03   7.54e-01  4.05e+06        1    2.10e-02    7.93e-01
  34  5.889376e+03    3.67e+00    6.65e+03   4.24e+03   7.55e-01  4.67e+06        1    2.30e-02    8.16e-01
  35  5.886035e+03    3.34e+00    6.28e+03   4.86e+03   7.56e-01  5.40e+06        1    2.30e-02    8.39e-01
  36  5.883001e+03    3.03e+00    5.93e+03   5.57e+03   7.58e-01  6.25e+06        1    2.36e-02    8.63e-01
  37  5.880252e+03    2.75e+00    5.58e+03   6.41e+03   7.59e-01  7.27e+06        1    2.65e-02    8.89e-01
  38  5.877764e+03    2.49e+00    5.25e+03   7.41e+03   7.61e-01  8.47e+06        1    2.29e-02    9.12e-01
  39  5.875519e+03    2.25e+00    4.93e+03   8.58e+03   7.62e-01  9.89e+06        1    2.64e-02    9.39e-01
  40  5.873497e+03    2.02e+00    4.62e+03   9.98e+03   7.64e-01  1.16e+07        1    2.27e-02    9.61e-01
  41  5.871681e+03    1.82e+00    4.33e+03   1.16e+04   7.65e-01  1.36e+07        1    2.35e-02    9.85e-01
  42  5.870054e+03    1.63e+00    4.04e+03   1.36e+04   7.67e-01  1.61e+07        1    2.40e-02    1.01e+00
  43  5.868601e+03    1.45e+00    3.76e+03   1.60e+04   7.69e-01  1.90e+07        1    2.41e-02    1.03e+00
  44  5.867307e+03    1.29e+00    3.49e+03   1.89e+04   7.70e-01  2.26e+07        1    2.38e-02    1.06e+00
  45  5.866159e+03    1.15e+00    3.23e+03   2.24e+04   7.72e-01  2.69e+07        1    2.20e-02    1.08e+00
  46  5.865143e+03    1.02e+00    2.99e+03   2.66e+04   7.74e-01  3.22e+07        1    2.70e-02    1.11e+00
  47  5.864249e+03    8.95e-01    2.75e+03   3.18e+04   7.75e-01  3.87e+07        1    2.30e-02    1.13e+00
  48  5.863464e+03    7.85e-01    2.52e+03   3.80e+04   7.77e-01  4.66e+07        1    2.66e-02    1.16e+00
  49  5.862778e+03    6.86e-01    2.30e+03   4.57e+04   7.78e-01  5.63e+07        1    2.31e-02    1.18e+00
  50  5.862181e+03    5.97e-01    2.10e+03   5.52e+04   7.80e-01  6.82e+07        1    2.32e-02    1.20e+00
  51  5.861664e+03    5.17e-01    1.90e+03   6.69e+04   7.81e-01  8.30e+07        1    2.40e-02    1.23e+00
  52  5.861218e+03    4.46e-01    1.72e+03   8.13e+04   7.83e-01  1.01e+08        1    2.50e-02    1.25e+00
  53  5.860836e+03    3.83e-01    1.54e+03   9.91e+04   7.84e-01  1.24e+08        1    2.18e-02    1.27e+00
  54  5.860509e+03    3.27e-01    1.38e+03   1.21e+05   7.85e-01  1.53e+08        1    2.17e-02    1.29e+00
  55  5.860231e+03    2.78e-01    1.23e+03   1.49e+05   7.87e-01  1.88e+08        1    2.66e-02    1.32e+00
  56  5.859997e+03    2.35e-01    1.08e+03   1.83e+05   7.88e-01  2.32e+08        1    2.46e-02    1.35e+00
  57  5.859799e+03    1.97e-01    9.55e+02   2.27e+05   7.89e-01  2.88e+08        1    2.50e-02    1.37e+00
  58  5.859634e+03    1.65e-01    8.36e+02   2.81e+05   7.90e-01  3.57e+08        1    2.31e-02    1.39e+00
  59  5.859496e+03    1.38e-01    7.28e+02   3.48e+05   7.90e-01  4.44e+08        1    2.25e-02    1.42e+00
  60  5.859382e+03    1.14e-01    6.30e+02   4.33e+05   7.91e-01  5.54e+08        1    2.56e-02    1.44e+00
  61  5.859287e+03    9.44e-02    5.42e+02   5.39e+05   7.92e-01  6.91e+08        1    2.42e-02    1.47e+00
  62  5.859210e+03    7.74e-02    4.63e+02   6.71e+05   7.93e-01  8.65e+08        1    2.40e-02    1.49e+00
  63  5.859157e+03    5.27e-02    3.19e+02   6.55e+05   8.35e-01  1.24e+09        1    2.34e-02    1.51e+00
  64  5.859119e+03    3.86e-02    2.21e+02   6.68e+05   8.56e-01  1.93e+09        1    2.35e-02    1.54e+00
  65  5.859085e+03    3.32e-02    1.73e+02   7.79e+05   8.56e-01  3.03e+09        1    2.28e-02    1.56e+00
  66  5.859057e+03    2.87e-02    1.40e+02   9.08e+05   8.57e-01  4.77e+09        1    2.31e-02    1.58e+00
  67  5.859032e+03    2.49e-02    1.14e+02   1.06e+06   8.57e-01  7.50e+09        1    2.27e-02    1.61e+00
  68  5.859010e+03    2.15e-02    9.43e+01   1.24e+06   8.57e-01  1.18e+10        1    2.47e-02    1.63e+00
  69  5.858992e+03    1.85e-02    7.86e+01   1.44e+06   8.57e-01  1.86e+10        1    2.57e-02    1.66e+00
  70  5.858976e+03    1.60e-02    6.60e+01   1.68e+06   8.58e-01  2.93e+10        1    2.28e-02    1.68e+00
  71  5.858962e+03    1.38e-02    5.58e+01   1.96e+06   8.58e-01  4.63e+10        1    2.34e-02    1.70e+00
  72  5.858950e+03    1.18e-02    4.73e+01   2.28e+06   8.58e-01  7.30e+10        1    2.32e-02    1.73e+00
  73  5.858940e+03    1.02e-02    4.02e+01   2.66e+06   8.58e-01  1.15e+11        1    2.16e-02    1.75e+00
  74  5.858931e+03    8.76e-03    3.43e+01   3.10e+06   8.58e-01  1.82e+11        1    2.70e-02    1.77e+00
  75  5.858924e+03    7.53e-03    2.93e+01   3.61e+06   8.58e-01  2.87e+11        1    2.48e-02    1.80e+00
  76  5.858917e+03    6.47e-03    2.51e+01   4.21e+06   8.58e-01  4.54e+11        1    2.52e-02    1.82e+00
  77  5.858912e+03    5.56e-03    2.15e+01   4.91e+06   8.58e-01  7.18e+11        1    2.31e-02    1.85e+00
  78  5.858907e+03    4.78e-03    1.84e+01   5.72e+06   8.58e-01  1.13e+12        1    2.22e-02    1.87e+00
  79  5.858903e+03    4.10e-03    1.58e+01   6.66e+06   8.58e-01  1.79e+12        1    2.34e-02    1.89e+00
  80  5.858899e+03    3.52e-03    1.35e+01   7.76e+06   8.58e-01  2.83e+12        1    2.45e-02    1.92e+00
  81  5.858896e+03    3.03e-03    1.16e+01   9.04e+06   8.58e-01  4.48e+12        1    2.37e-02    1.94e+00
  82  5.858894e+03    2.60e-03    9.96e+00   1.05e+07   8.58e-01  7.08e+12        1    2.47e-02    1.97e+00
  83  5.858891e+03    2.23e-03    8.55e+00   1.23e+07   8.58e-01  1.12e+13        1    2.12e-02    1.99e+00
  84  5.858890e+03    1.92e-03    7.34e+00   1.43e+07   8.58e-01  1.77e+13        1    2.11e-02    2.01e+00
  85  5.858888e+03    1.64e-03    6.30e+00   1.67e+07   8.58e-01  2.80e+13        1    2.13e-02    2.03e+00
  86  5.858887e+03    1.41e-03    5.41e+00   1.94e+07   8.58e-01  4.43e+13        1    2.17e-02    2.05e+00
  87  5.858885e+03    1.21e-03    4.64e+00   2.26e+07   8.58e-01  7.00e+13        1    2.12e-02    2.07e+00
  88  5.858884e+03    1.04e-03    3.99e+00   2.64e+07   8.58e-01  1.11e+14        1    2.12e-02    2.09e+00
  89  5.858883e+03    8.93e-04    3.42e+00   3.07e+07   8.58e-01  1.75e+14        1    2.14e-02    2.12e+00
  90  5.858883e+03    7.67e-04    2.94e+00   3.58e+07   8.58e-01  2.77e+14        1    2.12e-02    2.14e+00
  91  5.858882e+03    6.58e-04    2.52e+00   4.17e+07   8.58e-01  4.38e+14        1    2.04e-02    2.16e+00
  92  5.858881e+03    5.65e-04    2.16e+00   4.86e+07   8.58e-01  6.93e+14        1    2.05e-02    2.18e+00
  93  5.858881e+03    4.85e-04    1.86e+00   5.66e+07   8.58e-01  1.10e+15        1    2.07e-02    2.20e+00
  94  5.858880e+03    4.16e-04    1.60e+00   6.60e+07   8.58e-01  1.73e+15        1    2.02e-02    2.22e+00
  95  5.858880e+03    3.57e-04    1.86e+00   7.68e+07   8.58e-01  2.74e+15        1    2.04e-02    2.24e+00
  96  5.858880e+03    3.07e-04    2.00e+00   8.95e+07   8.58e-01  4.34e+15        1    2.03e-02    2.26e+00
  97  5.858880e+03    2.63e-04    1.94e+00   1.04e+08   8.58e-01  6.86e+15        1    2.18e-02    2.28e+00
  98  5.858879e+03    2.26e-04    1.99e+00   1.22e+08   8.58e-01  1.00e+16        1    2.14e-02    2.30e+00
  99  5.858879e+03    1.81e-04    1.97e+00   1.31e+08   8.68e-01  1.00e+16        1    2.34e-02    2.33e+00
 100  5.858879e+03    1.07e-04    8.46e-01   9.83e+07   9.09e-01  1.00e+16        1    2.21e-02    2.35e+00


Bundle adjustment report
------------------------
    Residuals : 21036
   Parameters : 9331
   Iterations : 101
         Time : 2.34944 [s]
 Initial cost : 0.557601 [px]
   Final cost : 0.527747 [px]
  Termination : No convergence

  => Completed observations: 13
  => Merged observations: 11
  => Filtered observations: 22
  => Changed observations: 0.004373

==============================================================================
Global bundle adjustment
==============================================================================

iter      cost      cost_change  |gradient|   |step|    tr_ratio  tr_radius  ls_iter  iter_time  total_time
   0  5.957728e+03    0.00e+00    2.01e+03   0.00e+00   0.00e+00  1.00e+04        0    1.11e-02    2.46e-02
   1  5.916876e+03    4.09e+01    1.11e+03   6.67e+00   9.98e-01  3.00e+04        1    2.20e-02    4.67e-02
   2  5.916311e+03    5.65e-01    1.62e+03   3.93e+00   9.65e-01  9.00e+04        1    2.18e-02    6.86e-02
   3  5.916177e+03    1.35e-01    5.96e+02   2.34e+00   1.09e+00  2.70e+05        1    2.06e-02    8.92e-02
   4  5.916152e+03    2.46e-02    1.49e+02   2.42e+00   1.25e+00  8.10e+05        1    2.10e-02    1.10e-01
   5  5.916136e+03    1.67e-02    1.37e+02   7.39e+00   1.09e+00  2.43e+06        1    2.06e-02    1.31e-01
   6  5.916094e+03    4.15e-02    2.32e+02   2.26e+01   1.02e+00  7.29e+06        1    2.20e-02    1.53e-01
   7  5.915968e+03    1.26e-01    9.81e+02   6.88e+01   9.98e-01  2.19e+07        1    2.05e-02    1.73e-01
   8  5.915900e+03    6.87e-02    7.82e+03   2.12e+02   1.60e-01  1.66e+07        1    2.08e-02    1.94e-01
   9  5.918394e+03   -2.49e+00    7.82e+03   1.75e+02  -2.73e+00  8.32e+06        1    8.95e-03    2.03e-01
  10  5.915976e+03   -7.60e-02    7.82e+03   8.75e+01  -1.10e-01  2.08e+06        1    9.25e-03    2.13e-01
  11  5.915421e+03    4.78e-01    2.98e+03   2.19e+01   9.16e-01  4.92e+06        1    2.00e-02    2.33e-01
  12  5.915180e+03    2.42e-01    4.27e+02   5.96e+01   1.03e+00  1.48e+07        1    2.16e-02    2.54e-01
  13  5.915528e+03   -3.48e-01    4.27e+02   1.82e+02  -5.80e-01  7.38e+06        1    9.77e-03    2.64e-01
  14  5.915072e+03    1.07e-01    5.82e+03   9.11e+01   3.53e-01  7.20e+06        1    2.06e-02    2.85e-01
  15  5.914711e+03    3.62e-01    6.67e+03   9.58e+01   5.97e-01  7.25e+06        1    2.02e-02    3.05e-01
  16  5.914573e+03    1.37e-01    1.04e+04   1.05e+02   1.75e-01  5.69e+06        1    2.06e-02    3.25e-01
  17  5.914031e+03    5.42e-01    1.09e+04   9.07e+01   4.32e-01  5.67e+06        1    2.05e-02    3.46e-01
  18  5.913538e+03    4.93e-01    1.28e+04   1.01e+02   3.26e-01  5.44e+06        1    2.11e-02    3.67e-01
  19  5.913694e+03   -1.56e-01    1.28e+04   1.07e+02  -7.42e-02  2.72e+06        1    1.03e-02    3.77e-01
  20  5.912390e+03    1.15e+00    9.19e+03   5.36e+01   6.99e-01  2.91e+06        1    2.02e-02    3.98e-01
  21  5.911372e+03    1.02e+00    6.30e+03   6.37e+01   8.26e-01  4.02e+06        1    2.14e-02    4.19e-01
  22  5.911407e+03   -3.46e-02    6.30e+03   9.46e+01  -2.40e-02  2.01e+06        1    9.69e-03    4.29e-01
  23  5.910803e+03    5.69e-01    7.34e+03   4.73e+01   6.46e-01  2.06e+06        1    1.99e-02    4.49e-01
  24  5.909853e+03    9.50e-01    5.75e+03   5.27e+01   8.47e-01  3.10e+06        1    2.18e-02    4.71e-01
  25  5.909469e+03    3.83e-01    1.33e+04   8.46e+01   2.37e-01  2.71e+06        1    2.10e-02    4.92e-01
  26  5.909915e+03   -4.46e-01    1.33e+04   8.13e+01  -1.43e-01  1.35e+06        1    9.28e-03    5.01e-01
  27  5.907935e+03    1.53e+00    1.13e+04   4.07e+01   6.65e-01  1.40e+06        1    2.06e-02    5.22e-01
  28  5.906133e+03    1.80e+00    6.31e+03   4.70e+01   8.96e-01  2.80e+06        1    2.07e-02    5.42e-01
  29  5.907245e+03   -1.11e+00    6.31e+03   1.00e+02  -3.64e-01  1.40e+06        1    9.23e-03    5.52e-01
  30  5.905241e+03    8.93e-01    1.11e+04   5.01e+01   5.22e-01  1.40e+06        1    2.00e-02    5.72e-01
  31  5.903473e+03    1.77e+00    1.21e+04   5.47e+01   6.37e-01  1.43e+06        1    2.05e-02    5.92e-01
  32  5.902459e+03    1.01e+00    1.86e+04   6.12e+01   2.77e-01  1.31e+06        1    2.03e-02    6.13e-01
  33  5.900884e+03    1.58e+00    2.36e+04   6.28e+01   2.57e-01  1.18e+06        1    2.07e-02    6.33e-01
  34  5.899470e+03    1.41e+00    2.95e+04   6.38e+01   1.55e-01  8.86e+05        1    2.12e-02    6.54e-01
  35  5.894989e+03    4.48e+00    3.07e+04   5.52e+01   3.41e-01  8.59e+05        1    2.08e-02    6.75e-01
  36  5.891233e+03    3.76e+00    3.24e+04   6.15e+01   2.33e-01  7.46e+05        1    2.05e-02    6.96e-01
  37  5.894723e+03   -3.49e+00    3.24e+04   6.15e+01  -1.55e-01  3.73e+05        1    9.13e-03    7.05e-01
  38  5.878099e+03    1.31e+01    2.45e+04   3.10e+01   7.15e-01  4.05e+05        1    1.98e-02    7.25e-01
  39  5.867455e+03    1.06e+01    1.05e+04   3.82e+01   8.50e-01  6.16e+05        1    2.07e-02    7.46e-01
  40  5.879496e+03   -1.20e+01    1.05e+04   6.27e+01  -7.67e-01  3.08e+05        1    8.90e-03    7.55e-01
  41  5.862609e+03    4.85e+00    1.92e+04   3.19e+01   5.08e-01  3.08e+05        1    2.05e-02    7.75e-01
  42  5.851137e+03    1.15e+01    9.01e+03   3.52e+01   7.95e-01  3.87e+05        1    2.04e-02    7.96e-01
  43  5.851832e+03   -6.95e-01    9.01e+03   4.77e+01  -3.76e-02  1.94e+05        1    8.96e-03    8.05e-01
  44  5.842248e+03    8.89e+00    1.32e+04   2.43e+01   7.56e-01  2.24e+05        1    2.01e-02    8.25e-01
  45  5.830154e+03    1.21e+01    3.90e+03   3.04e+01   8.32e-01  3.16e+05        1    2.06e-02    8.45e-01
  46  5.834172e+03   -4.02e+00    3.90e+03   4.51e+01  -1.80e-01  1.58e+05        1    8.85e-03    8.54e-01
  47  5.819515e+03    1.06e+01    7.56e+03   2.32e+01   7.76e-01  1.90e+05        1    2.00e-02    8.74e-01
  48  5.806469e+03    1.30e+01    1.01e+04   2.96e+01   7.04e-01  2.04e+05        1    2.08e-02    8.95e-01
  49  5.800135e+03    6.33e+00    1.49e+04   3.31e+01   2.44e-01  1.80e+05        1    2.12e-02    9.16e-01
  50  5.783680e+03    1.65e+01    3.48e+04   3.03e+01   3.82e-01  1.78e+05        1    2.15e-02    9.38e-01
  51  5.781436e+03    2.24e+00    5.72e+04   3.00e+01   4.19e-02  1.00e+05        1    2.04e-02    9.58e-01
  52  5.724224e+03    5.72e+01    3.18e+04   1.74e+01   7.86e-01  1.24e+05        1    2.07e-02    9.79e-01
  53  5.724575e+03   -3.51e-01    3.18e+04   2.06e+01  -8.84e-03  6.18e+04        1    9.46e-03    9.88e-01
  54  5.696352e+03    2.79e+01    1.80e+04   1.11e+01   8.65e-01  1.01e+05        1    2.03e-02    1.01e+00
  55  5.698514e+03   -2.16e+00    1.80e+04   1.73e+01  -8.22e-02  5.04e+04        1    9.46e-03    1.02e+00
  56  5.679398e+03    1.70e+01    1.62e+04   9.29e+00   8.65e-01  8.26e+04        1    2.06e-02    1.04e+00
  57  5.675918e+03    3.48e+00    4.13e+04   1.44e+01   1.51e-01  6.16e+04        1    2.09e-02    1.06e+00
  58  5.645745e+03    3.02e+01    2.75e+04   1.03e+01   7.86e-01  7.57e+04        1    2.13e-02    1.08e+00
  59  5.631812e+03    1.39e+01    3.68e+04   1.12e+01   4.84e-01  7.57e+04        1    2.21e-02    1.10e+00
  60  5.606001e+03    2.58e+01    3.14e+04   9.46e+00   7.35e-01  8.45e+04        1    2.01e-02    1.12e+00
  61  5.582698e+03    2.33e+01    3.03e+04   9.54e+00   7.28e-01  9.33e+04        1    2.04e-02    1.14e+00
  62  5.543916e+03    3.88e+01    2.87e+04   6.56e+00   9.68e-01  2.80e+05        1    2.06e-02    1.16e+00
  63  5.475919e+03    6.80e+01    2.40e+04   4.99e+00   1.36e+00  8.40e+05        1    2.17e-02    1.19e+00
  64  5.786747e+03   -3.11e+02    2.40e+04   1.93e+01  -4.27e+00  4.20e+05        1    9.66e-03    1.20e+00
  65  5.585694e+03   -1.10e+02    2.40e+04   1.52e+01  -1.52e+00  1.05e+05        1    7.95e-03    1.20e+00
  66  5.386044e+03    8.99e+01    1.50e+04   7.81e+00   1.28e+00  3.15e+05        1    1.93e-02    1.22e+00
  67  8.535222e+03   -3.15e+03    1.50e+04   3.84e+01  -1.82e+01  1.57e+05        1    9.63e-03    1.23e+00
  68  6.289018e+03   -9.03e+02    1.50e+04   2.54e+01  -5.51e+00  3.94e+04        1    9.71e-03    1.24e+00
  69  5.250608e+03    1.35e+02    2.37e+04   1.09e+01   9.06e-01  8.44e+04        1    1.97e-02    1.26e+00
  70  6.818639e+03   -1.57e+03    2.37e+04   3.14e+01  -4.58e+00  4.22e+04        1    9.21e-03    1.27e+00
  71  5.392422e+03   -1.42e+02    2.37e+04   1.99e+01  -4.41e-01  1.06e+04        1    9.47e-03    1.28e+00
  72  4.928691e+03    3.22e+02    1.21e+04   1.03e+01   1.08e+00  3.17e+04        1    2.03e-02    1.30e+00
  73  4.917259e+03    1.14e+01    3.95e+04   2.01e+01   4.06e-02  1.78e+04        1    2.00e-02    1.32e+00
  74  4.476592e+03    4.41e+02    1.86e+04   1.24e+01   1.00e+00  5.35e+04        1    2.04e-02    1.34e+00
  75  4.489973e+03   -1.34e+01    1.86e+04   2.56e+01  -1.48e-01  2.67e+04        1    9.23e-03    1.35e+00
  76  4.417511e+03    5.91e+01    3.47e+04   1.48e+01   8.56e-01  4.18e+04        1    2.02e-02    1.37e+00
  77  4.386956e+03    3.06e+01    6.42e+04   1.95e+01   5.29e-01  4.18e+04        1    2.05e-02    1.39e+00
  78  4.343617e+03    4.33e+01    5.12e+04   1.77e+01   7.19e-01  4.57e+04        1    2.03e-02    1.41e+00
  79  4.314651e+03    2.90e+01    4.70e+04   1.76e+01   6.63e-01  4.73e+04        1    2.07e-02    1.43e+00
  80  4.289018e+03    2.56e+01    3.87e+04   1.65e+01   7.11e-01  5.12e+04        1    2.08e-02    1.45e+00
  81  4.269302e+03    1.97e+01    3.42e+04   1.61e+01   6.99e-01  5.46e+04        1    2.09e-02    1.47e+00
  82  4.252744e+03    1.66e+01    2.93e+04   1.55e+01   7.19e-01  5.96e+04        1    2.05e-02    1.50e+00
  83  4.239424e+03    1.33e+01    2.59e+04   1.51e+01   7.17e-01  6.49e+04        1    2.07e-02    1.52e+00
  84  4.228356e+03    1.11e+01    2.26e+04   1.45e+01   7.27e-01  7.16e+04        1    2.14e-02    1.54e+00
  85  4.219365e+03    8.99e+00    2.00e+04   1.41e+01   7.28e-01  7.92e+04        1    2.06e-02    1.56e+00
  86  4.211990e+03    7.38e+00    1.74e+04   1.36e+01   7.36e-01  8.84e+04        1    2.08e-02    1.58e+00
  87  4.206049e+03    5.94e+00    1.53e+04   1.31e+01   7.39e-01  9.93e+04        1    2.07e-02    1.60e+00
  88  4.201278e+03    4.77e+00    1.33e+04   1.26e+01   7.47e-01  1.13e+05        1    2.11e-02    1.62e+00
  89  4.197522e+03    3.76e+00    1.15e+04   1.20e+01   7.52e-01  1.29e+05        1    2.03e-02    1.64e+00
  90  4.194602e+03    2.92e+00    9.80e+03   1.14e+01   7.61e-01  1.51e+05        1    2.00e-02    1.66e+00
  91  4.192392e+03    2.21e+00    8.27e+03   1.07e+01   7.70e-01  1.79e+05        1    2.06e-02    1.68e+00
  92  4.190762e+03    1.63e+00    6.84e+03   9.93e+00   7.82e-01  2.18e+05        1    2.16e-02    1.70e+00
  93  4.189608e+03    1.15e+00    5.53e+03   9.10e+00   7.96e-01  2.75e+05        1    2.00e-02    1.72e+00
  94  4.188830e+03    7.78e-01    4.31e+03   8.17e+00   8.16e-01  3.67e+05        1    2.04e-02    1.74e+00
  95  4.188344e+03    4.87e-01    3.20e+03   7.15e+00   8.41e-01  5.37e+05        1    2.07e-02    1.76e+00
  96  4.188070e+03    2.74e-01    2.18e+03   5.98e+00   8.78e-01  9.47e+05        1    2.18e-02    1.79e+00
  97  4.187940e+03    1.29e-01    1.29e+03   4.65e+00   9.34e-01  2.74e+06        1    2.01e-02    1.81e+00
  98  4.187895e+03    4.51e-02    5.57e+02   3.08e+00   1.03e+00  8.21e+06        1    2.06e-02    1.83e+00
  99  4.187887e+03    8.28e-03    8.77e+01   1.23e+00   1.13e+00  2.46e+07        1    2.03e-02    1.85e+00
 100  4.187886e+03    6.64e-04    9.04e+00   4.10e-01   1.26e+00  7.39e+07        1    2.19e-02    1.87e+00


Bundle adjustment report
------------------------
    Residuals : 20974
   Parameters : 9262
   Iterations : 101
         Time : 1.87033 [s]
 Initial cost : 0.532966 [px]
   Final cost : 0.446845 [px]
  Termination : No convergence

  => Completed observations: 22
  => Merged observations: 39
  => Filtered observations: 261
  => Changed observations: 0.030705

==============================================================================
Global bundle adjustment
==============================================================================

iter      cost      cost_change  |gradient|   |step|    tr_ratio  tr_radius  ls_iter  iter_time  total_time
   0  4.157347e+03    0.00e+00    7.86e+02   0.00e+00   0.00e+00  1.00e+04        0    1.04e-02    2.30e-02
   1  4.110750e+03    4.66e+01    1.43e+02   6.63e+00   1.00e+00  3.00e+04        1    2.03e-02    4.34e-02
   2  4.110611e+03    1.39e-01    8.88e+01   1.04e+00   1.07e+00  9.00e+04        1    1.99e-02    6.33e-02
   3  4.110595e+03    1.58e-02    9.97e+01   7.63e-01   1.17e+00  2.70e+05        1    2.12e-02    8.45e-02
   4  4.110591e+03    3.97e-03    4.39e+01   7.27e-01   1.18e+00  8.10e+05        1    2.00e-02    1.05e-01
   5  4.110591e+03    7.53e-04    7.54e+00   8.63e-01   1.16e+00  2.43e+06        1    1.95e-02    1.24e-01
   6  4.110590e+03    1.29e-04    2.00e+00   5.84e-01   1.17e+00  7.29e+06        1    1.94e-02    1.43e-01
   7  4.110590e+03    1.59e-05    4.66e-01   2.01e-01   1.27e+00  2.19e+07        1    1.93e-02    1.63e-01
   8  4.110590e+03    1.77e-06    9.01e-02   5.30e-02   1.33e+00  6.56e+07        1    2.01e-02    1.83e-01


Bundle adjustment report
------------------------
    Residuals : 19768
   Parameters : 8479
   Iterations : 9
         Time : 0.18329 [s]
 Initial cost : 0.458592 [px]
   Final cost : 0.456006 [px]
  Termination : Convergence

  => Completed observations: 1
  => Merged observations: 0
  => Filtered observations: 2
  => Changed observations: 0.000304
  => Filtered images: 0

==============================================================================
Registering image #3 (6)
==============================================================================

  => Image sees 1680 / 2663 points

Pose refinement report
----------------------
    Residuals : 3530
   Parameters : 6
   Iterations : 6
         Time : 0.0135119 [s]
 Initial cost : 0.500729 [px]
   Final cost : 0.499922 [px]
  Termination : Convergence

  => Continued observations: 1680
  => Added observations: 1163

Bundle adjustment report
------------------------
    Residuals : 25448
   Parameters : 9925
   Iterations : 10
         Time : 0.305347 [s]
 Initial cost : 0.41412 [px]
   Final cost : 0.39473 [px]
  Termination : Convergence

  => Merged observations: 390
  => Completed observations: 180
  => Filtered observations: 74
  => Changed observations: 0.050613

Bundle adjustment report
------------------------
    Residuals : 25636
   Parameters : 9763
   Iterations : 3
         Time : 0.0823131 [s]
 Initial cost : 0.520714 [px]
   Final cost : 0.504412 [px]
  Termination : Convergence

  => Merged observations: 38
  => Completed observations: 24
  => Filtered observations: 5
  => Changed observations: 0.005227

==============================================================================
Retriangulation
==============================================================================

  => Completed observations: 7
  => Merged observations: 11
  => Retriangulated observations: 0

==============================================================================
Global bundle adjustment
==============================================================================

iter      cost      cost_change  |gradient|   |step|    tr_ratio  tr_radius  ls_iter  iter_time  total_time
   0  6.691466e+03    0.00e+00    6.04e+02   0.00e+00   0.00e+00  1.00e+04        0    1.53e-02    2.94e-02
   1  6.651760e+03    3.97e+01    1.44e+01   7.01e+00   9.99e-01  3.00e+04        1    2.84e-02    5.79e-02
   2  6.651606e+03    1.55e-01    5.23e+01   1.68e+00   1.01e+00  9.00e+04        1    2.59e-02    8.38e-02
   3  6.651572e+03    3.32e-02    6.14e+01   3.50e+00   1.00e+00  2.70e+05        1    2.88e-02    1.13e-01
   4  6.651521e+03    5.11e-02    7.27e+01   7.83e+00   9.99e-01  8.10e+05        1    2.68e-02    1.39e-01
   5  6.651476e+03    4.54e-02    2.67e+02   1.13e+01   9.92e-01  2.43e+06        1    2.64e-02    1.66e-01
   6  6.651459e+03    1.64e-02    1.57e+02   8.22e+00   1.05e+00  7.29e+06        1    2.59e-02    1.92e-01
   7  6.651457e+03    2.34e-03    2.07e+01   2.83e+00   1.15e+00  2.19e+07        1    2.75e-02    2.19e-01
   8  6.651457e+03    1.58e-04    1.99e+00   7.02e-01   1.23e+00  6.56e+07        1    2.86e-02    2.48e-01
   9  6.651457e+03    1.11e-05    3.74e-01   1.73e-01   1.27e+00  1.97e+08        1    2.73e-02    2.75e-01
  10  6.651457e+03    8.79e-07    7.09e-02   4.20e-02   1.29e+00  5.90e+08        1    2.80e-02    3.03e-01


Bundle adjustment report
------------------------
    Residuals : 25680
   Parameters : 9751
   Iterations : 11
         Time : 0.304379 [s]
 Initial cost : 0.510462 [px]
   Final cost : 0.508933 [px]
  Termination : Convergence

  => Completed observations: 3
  => Merged observations: 10
  => Filtered observations: 5
  => Changed observations: 0.001402

==============================================================================
Global bundle adjustment
==============================================================================

iter      cost      cost_change  |gradient|   |step|    tr_ratio  tr_radius  ls_iter  iter_time  total_time
   0  6.658086e+03    0.00e+00    6.06e+02   0.00e+00   0.00e+00  1.00e+04        0    1.52e-02    3.26e-02
   1  6.645109e+03    1.30e+01    8.68e+00   6.39e+00   9.91e-01  3.00e+04        1    2.68e-02    5.95e-02
   2  6.644946e+03    1.63e-01    1.98e+00   1.66e+00   1.00e+00  9.00e+04        1    2.90e-02    8.85e-02
   3  6.644945e+03    1.05e-03    1.71e+00   1.52e-01   1.04e+00  2.70e+05        1    2.69e-02    1.16e-01
   4  6.644945e+03    1.61e-05    2.19e-01   2.58e-02   1.18e+00  8.10e+05        1    2.56e-02    1.41e-01
   5  6.644945e+03    1.60e-06    9.12e-02   3.85e-02   1.17e+00  2.43e+06        1    2.66e-02    1.68e-01


Bundle adjustment report
------------------------
    Residuals : 25662
   Parameters : 9739
   Iterations : 6
         Time : 0.168561 [s]
 Initial cost : 0.509365 [px]
   Final cost : 0.508863 [px]
  Termination : Convergence

  => Completed observations: 0
  => Merged observations: 0
  => Filtered observations: 2
  => Changed observations: 0.000156
  => Filtered images: 0

==============================================================================
Registering image #4 (7)
==============================================================================

  => Image sees 1812 / 2449 points

Pose refinement report
----------------------
    Residuals : 3812
   Parameters : 6
   Iterations : 7
         Time : 0.0174921 [s]
 Initial cost : 0.50247 [px]
   Final cost : 0.480961 [px]
  Termination : Convergence

  => Continued observations: 1812
  => Added observations: 597

Bundle adjustment report
------------------------
    Residuals : 28074
   Parameters : 8120
   Iterations : 6
         Time : 0.13889 [s]
 Initial cost : 0.441457 [px]
   Final cost : 0.430804 [px]
  Termination : Convergence

  => Merged observations: 375
  => Completed observations: 126
  => Filtered observations: 79
  => Changed observations: 0.040205

Bundle adjustment report
------------------------
    Residuals : 28094
   Parameters : 7871
   Iterations : 3
         Time : 0.073314 [s]
 Initial cost : 0.55706 [px]
   Final cost : 0.546288 [px]
  Termination : Convergence

  => Merged observations: 43
  => Completed observations: 24
  => Filtered observations: 4
  => Changed observations: 0.004919

==============================================================================
Retriangulation
==============================================================================

  => Completed observations: 11
  => Merged observations: 0
  => Retriangulated observations: 0

==============================================================================
Global bundle adjustment
==============================================================================

iter      cost      cost_change  |gradient|   |step|    tr_ratio  tr_radius  ls_iter  iter_time  total_time
   0  8.928626e+03    0.00e+00    5.17e+03   0.00e+00   0.00e+00  1.00e+04        0    1.89e-02    3.82e-02
   1  8.843564e+03    8.51e+01    1.57e+03   1.14e+01   1.00e+00  3.00e+04        1    3.46e-02    7.29e-02
   2  8.842413e+03    1.15e+00    4.02e+02   4.32e+00   1.10e+00  9.00e+04        1    3.38e-02    1.07e-01
   3  8.842051e+03    3.62e-01    4.90e+02   1.01e+01   1.03e+00  2.70e+05        1    3.42e-02    1.41e-01
   4  8.841559e+03    4.92e-01    5.73e+02   2.29e+01   9.71e-01  8.10e+05        1    3.35e-02    1.74e-01
   5  8.841180e+03    3.79e-01    2.34e+03   3.37e+01   7.99e-01  1.03e+06        1    3.38e-02    2.08e-01
   6  8.840947e+03    2.33e-01    9.15e+02   1.93e+01   9.86e-01  3.09e+06        1    3.28e-02    2.41e-01
   7  8.840896e+03    5.09e-02    4.18e+02   1.33e+01   1.02e+00  9.28e+06        1    3.41e-02    2.75e-01
   8  8.840889e+03    7.43e-03    4.91e+01   4.18e+00   1.12e+00  2.79e+07        1    3.29e-02    3.08e-01
   9  8.840889e+03    4.18e-04    3.37e+00   1.10e+00   1.23e+00  8.36e+07        1    3.47e-02    3.43e-01
  10  8.840889e+03    2.94e-05    7.69e-01   2.70e-01   1.27e+00  2.51e+08        1    3.36e-02    3.77e-01
  11  8.840889e+03    2.29e-06    1.16e-01   7.12e-02   1.28e+00  7.52e+08        1    3.23e-02    4.09e-01
  12  8.840889e+03    1.88e-07    2.70e-02   1.81e-02   1.29e+00  2.26e+09        1    3.32e-02    4.42e-01


Bundle adjustment report
------------------------
    Residuals : 30608
   Parameters : 10348
   Iterations : 13
         Time : 0.443208 [s]
 Initial cost : 0.540101 [px]
   Final cost : 0.537441 [px]
  Termination : Convergence

  => Completed observations: 1
  => Merged observations: 0
  => Filtered observations: 18
  => Changed observations: 0.001242

==============================================================================
Global bundle adjustment
==============================================================================

iter      cost      cost_change  |gradient|   |step|    tr_ratio  tr_radius  ls_iter  iter_time  total_time
   0  8.814723e+03    0.00e+00    1.91e+02   0.00e+00   0.00e+00  1.00e+04        0    1.84e-02    3.78e-02
   1  8.809964e+03    4.76e+00    2.87e+00   2.64e+00   9.99e-01  3.00e+04        1    3.27e-02    7.06e-02
   2  8.809950e+03    1.40e-02    7.24e+00   6.06e-01   1.02e+00  9.00e+04        1    3.13e-02    1.02e-01
   3  8.809947e+03    3.19e-03    3.51e+00   9.86e-01   1.04e+00  2.70e+05        1    3.16e-02    1.33e-01
   4  8.809943e+03    3.81e-03    1.59e+01   1.99e+00   1.02e+00  8.10e+05        1    3.25e-02    1.66e-01
   5  8.809940e+03    3.56e-03    2.25e+01   2.92e+00   1.03e+00  2.43e+06        1    3.28e-02    1.99e-01
   6  8.809938e+03    1.27e-03    1.23e+01   2.21e+00   1.08e+00  7.29e+06        1    3.33e-02    2.32e-01
   7  8.809938e+03    1.70e-04    1.97e+00   7.90e-01   1.19e+00  2.19e+07        1    3.31e-02    2.65e-01
   8  8.809938e+03    1.40e-05    5.40e-01   2.02e-01   1.25e+00  6.56e+07        1    3.31e-02    2.98e-01
   9  8.809938e+03    1.04e-06    8.25e-02   5.15e-02   1.27e+00  1.97e+08        1    3.35e-02    3.32e-01


Bundle adjustment report
------------------------
    Residuals : 30520
   Parameters : 10300
   Iterations : 10
         Time : 0.333107 [s]
 Initial cost : 0.537418 [px]
   Final cost : 0.537272 [px]
  Termination : Convergence

  => Completed observations: 1
  => Merged observations: 0
  => Filtered observations: 1
  => Changed observations: 0.000131
  => Filtered images: 0

==============================================================================
Registering image #23 (8)
==============================================================================

  => Image sees 1905 / 2525 points

Pose refinement report
----------------------
    Residuals : 4066
   Parameters : 6
   Iterations : 6
         Time : 0.0143189 [s]
 Initial cost : 0.526299 [px]
   Final cost : 0.504606 [px]
  Termination : Convergence

  => Continued observations: 1905
  => Added observations: 720

Bundle adjustment report
------------------------
    Residuals : 31504
   Parameters : 7736
   Iterations : 5
         Time : 0.12623 [s]
 Initial cost : 0.464959 [px]
   Final cost : 0.451393 [px]
  Termination : Convergence

  => Merged observations: 506
  => Completed observations: 167
  => Filtered observations: 88
  => Changed observations: 0.046519

Bundle adjustment report
------------------------
    Residuals : 31760
   Parameters : 7649
   Iterations : 3
         Time : 0.0740621 [s]
 Initial cost : 0.590073 [px]
   Final cost : 0.578237 [px]
  Termination : Convergence

  => Merged observations: 69
  => Completed observations: 32
  => Filtered observations: 6
  => Changed observations: 0.006497

==============================================================================
Retriangulation
==============================================================================

  => Completed observations: 8
  => Merged observations: 17
  => Retriangulated observations: 0

==============================================================================
Global bundle adjustment
==============================================================================

iter      cost      cost_change  |gradient|   |step|    tr_ratio  tr_radius  ls_iter  iter_time  total_time
   0  1.188531e+04    0.00e+00    2.38e+03   0.00e+00   0.00e+00  1.00e+04        0    2.29e-02    4.66e-02
   1  1.181822e+04    6.71e+01    3.24e+03   9.36e+00   9.98e-01  3.00e+04        1    3.87e-02    8.54e-02
   2  1.181601e+04    2.21e+00    6.57e+03   7.07e+00   9.19e-01  7.26e+04        1    4.36e-02    1.29e-01
   3  1.181502e+04    9.91e-01    3.11e+03   5.69e+00   9.91e-01  2.18e+05        1    6.70e-02    1.96e-01
   4  1.181483e+04    1.86e-01    9.65e+01   5.05e+00   1.07e+00  6.53e+05        1    6.82e-02    2.64e-01
   5  1.181481e+04    2.67e-02    2.37e+02   6.45e+00   1.04e+00  1.96e+06        1    5.07e-02    3.15e-01
   6  1.181480e+04    9.07e-03    8.93e+01   5.21e+00   1.07e+00  5.88e+06        1    3.91e-02    3.54e-01
   7  1.181480e+04    1.31e-03    1.29e+01   2.00e+00   1.17e+00  1.76e+07        1    3.96e-02    3.94e-01
   8  1.181480e+04    1.05e-04    1.87e+00   5.08e-01   1.24e+00  5.29e+07        1    3.74e-02    4.31e-01
   9  1.181480e+04    7.79e-06    1.72e-01   1.29e-01   1.27e+00  1.59e+08        1    3.80e-02    4.69e-01
  10  1.181480e+04    6.05e-07    3.01e-02   3.20e-02   1.28e+00  4.76e+08        1    4.08e-02    5.10e-01


Bundle adjustment report
------------------------
    Residuals : 35984
   Parameters : 11020
   Iterations : 11
         Time : 0.511528 [s]
 Initial cost : 0.574712 [px]
   Final cost : 0.573005 [px]
  Termination : Convergence

  => Completed observations: 6
  => Merged observations: 0
  => Filtered observations: 3
  => Changed observations: 0.000500

==============================================================================
Global bundle adjustment
==============================================================================

iter      cost      cost_change  |gradient|   |step|    tr_ratio  tr_radius  ls_iter  iter_time  total_time
   0  1.183926e+04    0.00e+00    8.51e+02   0.00e+00   0.00e+00  1.00e+04        0    2.25e-02    4.52e-02
   1  1.182920e+04    1.01e+01    2.94e+00   2.31e+00   9.98e-01  3.00e+04        1    3.88e-02    8.40e-02
   2  1.182919e+04    1.03e-02    5.90e+00   2.20e-01   1.00e+00  9.00e+04        1    3.83e-02    1.22e-01
   3  1.182919e+04    4.80e-04    3.00e+00   1.23e-01   1.07e+00  2.70e+05        1    4.05e-02    1.63e-01
   4  1.182919e+04    4.92e-05    5.85e-01   6.51e-02   1.12e+00  8.10e+05        1    3.90e-02    2.02e-01
   5  1.182919e+04    3.84e-06    1.30e-01   5.82e-02   1.13e+00  2.43e+06        1    3.93e-02    2.41e-01
   6  1.182919e+04    5.99e-07    4.52e-02   4.14e-02   1.11e+00  7.29e+06        1    3.99e-02    2.81e-01


Bundle adjustment report
------------------------
    Residuals : 35988
   Parameters : 11017
   Iterations : 7
         Time : 0.28245 [s]
 Initial cost : 0.573566 [px]
   Final cost : 0.573322 [px]
  Termination : Convergence

  => Completed observations: 0
  => Merged observations: 0
  => Filtered observations: 0
  => Changed observations: 0.000000
  => Filtered images: 0

==============================================================================
Registering image #19 (9)
==============================================================================

  => Image sees 2016 / 2545 points

Pose refinement report
----------------------
    Residuals : 4354
   Parameters : 6
   Iterations : 7
         Time : 0.017802 [s]
 Initial cost : 0.52581 [px]
   Final cost : 0.520143 [px]
  Termination : Convergence

  => Continued observations: 2016
  => Added observations: 368

Bundle adjustment report
------------------------
    Residuals : 34172
   Parameters : 6860
   Iterations : 6
         Time : 0.159893 [s]
 Initial cost : 0.486893 [px]
   Final cost : 0.478206 [px]
  Termination : Convergence

  => Merged observations: 591
  => Completed observations: 125
  => Filtered observations: 135
  => Changed observations: 0.047882

Bundle adjustment report
------------------------
    Residuals : 34306
   Parameters : 6794
   Iterations : 3
         Time : 0.083102 [s]
 Initial cost : 0.616259 [px]
   Final cost : 0.605899 [px]
  Termination : Convergence

  => Merged observations: 87
  => Completed observations: 32
  => Filtered observations: 9
  => Changed observations: 0.007184

==============================================================================
Retriangulation
==============================================================================

  => Completed observations: 19
  => Merged observations: 38
  => Retriangulated observations: 0

==============================================================================
Global bundle adjustment
==============================================================================

iter      cost      cost_change  |gradient|   |step|    tr_ratio  tr_radius  ls_iter  iter_time  total_time
   0  1.481122e+04    0.00e+00    6.35e+03   0.00e+00   0.00e+00  1.00e+04        0    2.66e-02    5.28e-02
   1  1.473045e+04    8.08e+01    1.42e+03   9.98e+00   1.00e+00  3.00e+04        1    4.53e-02    9.81e-02
   2  1.472955e+04    8.97e-01    6.07e+01   3.60e+00   1.07e+00  9.00e+04        1    4.45e-02    1.43e-01
   3  1.472950e+04    5.29e-02    7.33e+00   2.50e+00   1.10e+00  2.70e+05        1    4.66e-02    1.89e-01
   4  1.472947e+04    3.15e-02    5.08e+01   5.15e+00   1.01e+00  8.10e+05        1    4.50e-02    2.34e-01
   5  1.472944e+04    2.86e-02    1.18e+02   7.53e+00   1.02e+00  2.43e+06        1    4.35e-02    2.78e-01
   6  1.472943e+04    1.04e-02    7.39e+01   5.72e+00   1.08e+00  7.29e+06        1    4.63e-02    3.24e-01
   7  1.472943e+04    1.45e-03    1.08e+01   2.08e+00   1.18e+00  2.19e+07        1    4.49e-02    3.69e-01
   8  1.472943e+04    1.18e-04    1.93e+00   5.31e-01   1.25e+00  6.56e+07        1    4.49e-02    4.14e-01
   9  1.472943e+04    9.16e-06    2.66e-01   1.36e-01   1.27e+00  1.97e+08        1    4.46e-02    4.59e-01
  10  1.472943e+04    7.41e-07    4.90e-02   3.49e-02   1.29e+00  5.90e+08        1    4.58e-02    5.05e-01


Bundle adjustment report
------------------------
    Residuals : 40806
   Parameters : 11266
   Iterations : 11
         Time : 0.505944 [s]
 Initial cost : 0.602467 [px]
   Final cost : 0.600801 [px]
  Termination : Convergence

  => Completed observations: 5
  => Merged observations: 9
  => Filtered observations: 5
  => Changed observations: 0.000931

==============================================================================
Global bundle adjustment
==============================================================================

iter      cost      cost_change  |gradient|   |step|    tr_ratio  tr_radius  ls_iter  iter_time  total_time
   0  1.475099e+04    0.00e+00    1.47e+02   0.00e+00   0.00e+00  1.00e+04        0    2.57e-02    5.24e-02
   1  1.473769e+04    1.33e+01    7.07e+00   2.87e+00   1.00e+00  3.00e+04        1    4.58e-02    9.82e-02
   2  1.473768e+04    1.51e-02    1.96e+00   3.37e-01   1.02e+00  9.00e+04        1    4.40e-02    1.42e-01
   3  1.473768e+04    1.53e-03    2.34e+00   6.51e-01   1.02e+00  2.70e+05        1    4.60e-02    1.88e-01
   4  1.473767e+04    2.24e-03    5.85e+00   1.40e+00   1.01e+00  8.10e+05        1    4.44e-02    2.33e-01
   5  1.473767e+04    2.15e-03    9.47e+00   2.07e+00   1.03e+00  2.43e+06        1    4.35e-02    2.76e-01
   6  1.473767e+04    7.71e-04    5.46e+00   1.57e+00   1.09e+00  7.29e+06        1    4.59e-02    3.22e-01
   7  1.473767e+04    1.04e-04    1.98e+00   5.70e-01   1.19e+00  2.19e+07        1    4.45e-02    3.67e-01
   8  1.473767e+04    8.81e-06    2.95e-01   1.46e-01   1.25e+00  6.56e+07        1    4.44e-02    4.11e-01
   9  1.473767e+04    6.94e-07    4.37e-02   3.74e-02   1.27e+00  1.97e+08        1    4.55e-02    4.57e-01


Bundle adjustment report
------------------------
    Residuals : 40798
   Parameters : 11257
   Iterations : 10
         Time : 0.457983 [s]
 Initial cost : 0.6013 [px]
   Final cost : 0.601028 [px]
  Termination : Convergence

  => Completed observations: 0
  => Merged observations: 0
  => Filtered observations: 2
  => Changed observations: 0.000098
  => Filtered images: 0

==============================================================================
Registering image #5 (10)
==============================================================================

  => Image sees 2205 / 2760 points

Pose refinement report
----------------------
    Residuals : 4818
   Parameters : 6
   Iterations : 10
         Time : 0.027673 [s]
 Initial cost : 0.62052 [px]
   Final cost : 0.533299 [px]
  Termination : Convergence

  => Continued observations: 2205
  => Added observations: 564

Bundle adjustment report
------------------------
    Residuals : 39432
   Parameters : 7574
   Iterations : 7
         Time : 0.209842 [s]
 Initial cost : 0.496452 [px]
   Final cost : 0.485642 [px]
  Termination : Convergence

  => Merged observations: 567
  => Completed observations: 134
  => Filtered observations: 111
  => Changed observations: 0.040041

Bundle adjustment report
------------------------
    Residuals : 39620
   Parameters : 7505
   Iterations : 3
         Time : 0.0916479 [s]
 Initial cost : 0.631819 [px]
   Final cost : 0.623131 [px]
  Termination : Convergence

  => Merged observations: 44
  => Completed observations: 38
  => Filtered observations: 8
  => Changed observations: 0.004421

==============================================================================
Retriangulation
==============================================================================

  => Completed observations: 10
  => Merged observations: 22
  => Retriangulated observations: 0

==============================================================================
Global bundle adjustment
==============================================================================

iter      cost      cost_change  |gradient|   |step|    tr_ratio  tr_radius  ls_iter  iter_time  total_time
   0  1.815212e+04    0.00e+00    1.20e+04   0.00e+00   0.00e+00  1.00e+04        0    2.94e-02    6.37e-02
   1  1.800925e+04    1.43e+02    1.89e+03   1.90e+01   1.00e+00  3.00e+04        1    5.31e-02    1.17e-01
   2  1.800673e+04    2.52e+00    3.11e+02   7.70e+00   1.04e+00  9.00e+04        1    5.28e-02    1.70e-01
   3  1.800631e+04    4.22e-01    3.54e+02   1.06e+01   1.02e+00  2.70e+05        1    5.32e-02    2.23e-01
   4  1.800569e+04    6.19e-01    1.22e+03   2.29e+01   9.70e-01  8.10e+05        1    5.34e-02    2.76e-01
   5  1.800516e+04    5.30e-01    2.34e+03   3.32e+01   8.87e-01  1.51e+06        1    5.15e-02    3.28e-01
   6  1.800491e+04    2.43e-01    1.02e+03   2.16e+01   9.86e-01  4.53e+06        1    5.20e-02    3.80e-01
   7  1.800487e+04    4.52e-02    2.54e+02   1.07e+01   1.06e+00  1.36e+07        1    5.08e-02    4.31e-01
   8  1.800486e+04    3.41e-03    1.67e+01   2.60e+00   1.15e+00  4.08e+07        1    5.12e-02    4.82e-01
   9  1.800486e+04    1.72e-04    1.99e+00   5.94e-01   1.24e+00  1.22e+08        1    5.06e-02    5.33e-01
  10  1.800486e+04    1.13e-05    3.04e-01   1.27e-01   1.26e+00  3.67e+08        1    5.09e-02    5.83e-01


Bundle adjustment report
------------------------
    Residuals : 46442
   Parameters : 11758
   Iterations : 11
         Time : 0.584956 [s]
 Initial cost : 0.625185 [px]
   Final cost : 0.622644 [px]
  Termination : Convergence

  => Completed observations: 10
  => Merged observations: 36
  => Filtered observations: 17
  => Changed observations: 0.002713

==============================================================================
Global bundle adjustment
==============================================================================

iter      cost      cost_change  |gradient|   |step|    tr_ratio  tr_radius  ls_iter  iter_time  total_time
   0  1.805660e+04    0.00e+00    5.39e+02   0.00e+00   0.00e+00  1.00e+04        0    2.86e-02    6.03e-02
   1  1.802259e+04    3.40e+01    1.29e+01   5.29e+00   9.98e-01  3.00e+04        1    5.40e-02    1.14e-01
   2  1.802252e+04    7.30e-02    1.83e+00   6.02e-01   9.98e-01  9.00e+04        1    5.32e-02    1.68e-01
   3  1.802252e+04    1.05e-03    9.76e-01   2.93e-01   1.10e+00  2.70e+05        1    5.26e-02    2.20e-01


Bundle adjustment report
------------------------
    Residuals : 46408
   Parameters : 11731
   Iterations : 4
         Time : 0.223168 [s]
 Initial cost : 0.623766 [px]
   Final cost : 0.623177 [px]
  Termination : Convergence

  => Completed observations: 2
  => Merged observations: 0
  => Filtered observations: 5
  => Changed observations: 0.000302
  => Filtered images: 0

==============================================================================
Registering image #1 (11)
==============================================================================

  => Image sees 1804 / 2177 points

Pose refinement report
----------------------
    Residuals : 3926
   Parameters : 6
   Iterations : 8
         Time : 0.018466 [s]
 Initial cost : 0.612681 [px]
   Final cost : 0.571341 [px]
  Termination : Convergence

  => Continued observations: 1804
  => Added observations: 384

Bundle adjustment report
------------------------
    Residuals : 37686
   Parameters : 6047
   Iterations : 5
         Time : 0.135779 [s]
 Initial cost : 0.516455 [px]
   Final cost : 0.505976 [px]
  Termination : Convergence

  => Merged observations: 505
  => Completed observations: 113
  => Filtered observations: 137
  => Changed observations: 0.038311

Bundle adjustment report
------------------------
    Residuals : 37184
   Parameters : 5708
   Iterations : 3
         Time : 0.080761 [s]
 Initial cost : 0.655393 [px]
   Final cost : 0.647115 [px]
  Termination : Convergence

  => Merged observations: 80
  => Completed observations: 29
  => Filtered observations: 10
  => Changed observations: 0.006034

==============================================================================
Retriangulation
==============================================================================

  => Completed observations: 20
  => Merged observations: 0
  => Retriangulated observations: 0

==============================================================================
Global bundle adjustment
==============================================================================

iter      cost      cost_change  |gradient|   |step|    tr_ratio  tr_radius  ls_iter  iter_time  total_time
   0  2.090493e+04    0.00e+00    2.00e+03   0.00e+00   0.00e+00  1.00e+04        0    1.22e-02    4.97e-02
   1  2.081952e+04    8.54e+01    8.74e+02   9.02e+00   9.98e-01  3.00e+04        1    2.79e-02    7.77e-02
   2  2.081859e+04    9.33e-01    1.97e+03   3.36e+00   1.02e+00  9.00e+04        1    2.63e-02    1.04e-01
   3  2.081837e+04    2.19e-01    9.81e+02   2.14e+00   1.07e+00  2.70e+05        1    2.59e-02    1.30e-01
   4  2.081835e+04    2.55e-02    1.39e+02   6.84e-01   1.11e+00  8.10e+05        1    2.44e-02    1.54e-01
   5  2.081835e+04    1.23e-03    1.18e+01   2.95e-01   1.15e+00  2.43e+06        1    2.48e-02    1.79e-01
   6  2.081835e+04    6.36e-05    1.00e+00   2.29e-01   1.13e+00  7.29e+06        1    2.54e-02    2.05e-01
   7  2.081835e+04    3.52e-06    7.65e-02   7.41e-02   1.15e+00  2.19e+07        1    2.86e-02    2.33e-01


Bundle adjustment report
------------------------
    Residuals : 50802
   Parameters : 12037
   Iterations : 8
         Time : 0.235095 [s]
 Initial cost : 0.641481 [px]
   Final cost : 0.640151 [px]
  Termination : Convergence

  => Completed observations: 2
  => Merged observations: 0
  => Filtered observations: 6
  => Changed observations: 0.000315
  => Filtered images: 0

==============================================================================
Registering image #7 (12)
==============================================================================

  => Image sees 2277 / 3017 points

Pose refinement report
----------------------
    Residuals : 5062
   Parameters : 6
   Iterations : 6
         Time : 0.01775 [s]
 Initial cost : 0.536493 [px]
   Final cost : 0.52636 [px]
  Termination : Convergence

  => Continued observations: 2277
  => Added observations: 688

Bundle adjustment report
------------------------
    Residuals : 45010
   Parameters : 7523
   Iterations : 5
         Time : 0.162715 [s]
 Initial cost : 0.514206 [px]
   Final cost : 0.503335 [px]
  Termination : Convergence

  => Merged observations: 517
  => Completed observations: 138
  => Filtered observations: 111
  => Changed observations: 0.032778

Bundle adjustment report
------------------------
    Residuals : 45064
   Parameters : 7463
   Iterations : 2
         Time : 0.070333 [s]
 Initial cost : 0.653063 [px]
   Final cost : 0.645351 [px]
  Termination : Convergence

  => Merged observations: 40
  => Completed observations: 30
  => Filtered observations: 7
  => Changed observations: 0.003291

==============================================================================
Registering image #10 (13)
==============================================================================

  => Image sees 2116 / 2489 points

Pose refinement report
----------------------
    Residuals : 4724
   Parameters : 6
   Iterations : 8
         Time : 0.0221598 [s]
 Initial cost : 0.568616 [px]
   Final cost : 0.559176 [px]
  Termination : Convergence

  => Continued observations: 2116
  => Added observations: 369

Bundle adjustment report
------------------------
    Residuals : 45198
   Parameters : 6419
   Iterations : 5
         Time : 0.159154 [s]
 Initial cost : 0.527495 [px]
   Final cost : 0.5211 [px]
  Termination : Convergence

  => Merged observations: 629
  => Completed observations: 102
  => Filtered observations: 134
  => Changed observations: 0.036887

Bundle adjustment report
------------------------
    Residuals : 45172
   Parameters : 6341
   Iterations : 2
         Time : 0.0664508 [s]
 Initial cost : 0.675532 [px]
   Final cost : 0.667612 [px]
  Termination : Convergence

  => Merged observations: 158
  => Completed observations: 41
  => Filtered observations: 9
  => Changed observations: 0.008875

==============================================================================
Retriangulation
==============================================================================

  => Completed observations: 31
  => Merged observations: 132
  => Retriangulated observations: 0

==============================================================================
Global bundle adjustment
==============================================================================

iter      cost      cost_change  |gradient|   |step|    tr_ratio  tr_radius  ls_iter  iter_time  total_time
   0  2.792955e+04    0.00e+00    7.58e+02   0.00e+00   0.00e+00  1.00e+04        0    1.34e-02    6.40e-02
   1  2.775460e+04    1.75e+02    2.51e+02   1.82e+01   1.00e+00  3.00e+04        1    3.28e-02    9.68e-02
   2  2.775372e+04    8.79e-01    1.87e+02   7.24e+00   1.08e+00  9.00e+04        1    3.01e-02    1.27e-01
   3  2.775341e+04    3.04e-01    6.80e+02   1.34e+01   1.03e+00  2.70e+05        1    3.61e-02    1.63e-01
   4  2.775303e+04    3.85e-01    1.20e+03   2.70e+01   9.95e-01  8.10e+05        1    3.31e-02    1.96e-01
   5  2.775270e+04    3.24e-01    1.39e+03   3.68e+01   9.74e-01  2.43e+06        1    3.44e-02    2.31e-01
   6  2.775260e+04    1.08e-01    6.14e+02   2.45e+01   1.02e+00  7.29e+06        1    3.02e-02    2.61e-01
   7  2.775258e+04    1.19e-02    6.47e+01   7.21e+00   1.10e+00  2.19e+07        1    3.68e-02    2.98e-01
   8  2.775258e+04    4.93e-04    3.40e+00   1.42e+00   1.19e+00  6.56e+07        1    3.19e-02    3.30e-01
   9  2.775258e+04    2.43e-05    3.76e-01   2.87e-01   1.23e+00  1.97e+08        1    3.32e-02    3.63e-01


Bundle adjustment report
------------------------
    Residuals : 61840
   Parameters : 13009
   Iterations : 10
         Time : 0.365641 [s]
 Initial cost : 0.672043 [px]
   Final cost : 0.669911 [px]
  Termination : Convergence

  => Completed observations: 6
  => Merged observations: 0
  => Filtered observations: 12
  => Changed observations: 0.000582

==============================================================================
Global bundle adjustment
==============================================================================

iter      cost      cost_change  |gradient|   |step|    tr_ratio  tr_radius  ls_iter  iter_time  total_time
   0  2.769228e+04    0.00e+00    1.33e+03   0.00e+00   0.00e+00  1.00e+04        0    1.31e-02    6.29e-02
   1  2.766780e+04    2.45e+01    7.53e+00   4.43e+00   9.99e-01  3.00e+04        1    3.39e-02    9.69e-02
   2  2.766779e+04    1.66e-02    1.40e+00   2.08e-01   1.00e+00  9.00e+04        1    3.40e-02    1.31e-01
   3  2.766778e+04    2.18e-04    8.16e-01   2.03e-01   1.05e+00  2.70e+05        1    3.34e-02    1.65e-01


Bundle adjustment report
------------------------
    Residuals : 61826
   Parameters : 13006
   Iterations : 4
         Time : 0.167031 [s]
 Initial cost : 0.669258 [px]
   Final cost : 0.668962 [px]
  Termination : Convergence

  => Completed observations: 5
  => Merged observations: 0
  => Filtered observations: 1
  => Changed observations: 0.000194
  => Filtered images: 0

==============================================================================
Registering image #27 (14)
==============================================================================

  => Image sees 2322 / 2817 points

Pose refinement report
----------------------
    Residuals : 5294
   Parameters : 6
   Iterations : 7
         Time : 0.0219772 [s]
 Initial cost : 0.556291 [px]
   Final cost : 0.533579 [px]
  Termination : Convergence

  => Continued observations: 2322
  => Added observations: 487

Bundle adjustment report
------------------------
    Residuals : 48608
   Parameters : 7061
   Iterations : 4
         Time : 0.0674062 [s]
 Initial cost : 0.528705 [px]
   Final cost : 0.520396 [px]
  Termination : Convergence

  => Merged observations: 790
  => Completed observations: 114
  => Filtered observations: 121
  => Changed observations: 0.040095

Bundle adjustment report
------------------------
    Residuals : 48476
   Parameters : 6947
   Iterations : 3
         Time : 0.050535 [s]
 Initial cost : 0.675821 [px]
   Final cost : 0.669508 [px]
  Termination : Convergence

  => Merged observations: 89
  => Completed observations: 36
  => Filtered observations: 8
  => Changed observations: 0.005215

==============================================================================
Registering image #20 (15)
==============================================================================

  => Image sees 2474 / 3031 points

Pose refinement report
----------------------
    Residuals : 5660
   Parameters : 6
   Iterations : 5
         Time : 0.0168018 [s]
 Initial cost : 0.542321 [px]
   Final cost : 0.539147 [px]
  Termination : Convergence

  => Continued observations: 2474
  => Added observations: 331

Bundle adjustment report
------------------------
    Residuals : 49896
   Parameters : 6671
   Iterations : 5
         Time : 0.0747159 [s]
 Initial cost : 0.533911 [px]
   Final cost : 0.526397 [px]
  Termination : Convergence

  => Merged observations: 559
  => Completed observations: 115
  => Filtered observations: 136
  => Changed observations: 0.030801

Bundle adjustment report
------------------------
    Residuals : 49896
   Parameters : 6620
   Iterations : 3
         Time : 0.0491071 [s]
 Initial cost : 0.682307 [px]
   Final cost : 0.675791 [px]
  Termination : Convergence

  => Merged observations: 35
  => Completed observations: 30
  => Filtered observations: 5
  => Changed observations: 0.002662

==============================================================================
Retriangulation
==============================================================================

  => Completed observations: 51
  => Merged observations: 74
  => Retriangulated observations: 0

==============================================================================
Global bundle adjustment
==============================================================================

iter      cost      cost_change  |gradient|   |step|    tr_ratio  tr_radius  ls_iter  iter_time  total_time
   0  3.484882e+04    0.00e+00    5.20e+02   0.00e+00   0.00e+00  1.00e+04        0    1.67e-02    7.78e-02
   1  3.464849e+04    2.00e+02    2.30e+02   1.26e+01   9.99e-01  3.00e+04        1    4.15e-02    1.19e-01
   2  3.464812e+04    3.71e-01    1.83e+02   1.71e+00   1.01e+00  9.00e+04        1    4.19e-02    1.61e-01
   3  3.464808e+04    3.72e-02    1.44e+02   2.57e+00   1.02e+00  2.70e+05        1    4.19e-02    2.03e-01
   4  3.464803e+04    4.61e-02    1.45e+01   5.87e+00   1.01e+00  8.10e+05        1    4.06e-02    2.44e-01
   5  3.464799e+04    3.91e-02    1.17e+02   8.23e+00   1.02e+00  2.43e+06        1    3.95e-02    2.83e-01
   6  3.464798e+04    1.15e-02    6.82e+01   5.61e+00   1.05e+00  7.29e+06        1    4.25e-02    3.26e-01
   7  3.464798e+04    1.08e-03    8.19e+00   1.70e+00   1.14e+00  2.19e+07        1    3.97e-02    3.66e-01
   8  3.464798e+04    5.64e-05    5.62e-01   3.29e-01   1.20e+00  6.56e+07        1    3.95e-02    4.05e-01


Bundle adjustment report
------------------------
    Residuals : 73208
   Parameters : 13699
   Iterations : 9
         Time : 0.408623 [s]
 Initial cost : 0.689945 [px]
   Final cost : 0.687954 [px]
  Termination : Convergence

  => Completed observations: 11
  => Merged observations: 15
  => Filtered observations: 14
  => Changed observations: 0.001093

==============================================================================
Global bundle adjustment
==============================================================================

iter      cost      cost_change  |gradient|   |step|    tr_ratio  tr_radius  ls_iter  iter_time  total_time
   0  3.465455e+04    0.00e+00    1.42e+02   0.00e+00   0.00e+00  1.00e+04        0    1.62e-02    7.61e-02
   1  3.462781e+04    2.67e+01    1.64e+01   2.84e+00   9.99e-01  3.00e+04        1    4.29e-02    1.19e-01
   2  3.462779e+04    1.08e-02    1.97e+00   3.20e-01   9.92e-01  9.00e+04        1    4.03e-02    1.59e-01
   3  3.462779e+04    2.13e-03    1.99e+00   7.34e-01   1.00e+00  2.70e+05        1    3.66e-02    1.96e-01
   4  3.462779e+04    3.73e-03    5.84e+00   1.60e+00   1.01e+00  8.10e+05        1    3.76e-02    2.34e-01
   5  3.462779e+04    3.34e-03    1.14e+01   2.27e+00   1.02e+00  2.43e+06        1    3.63e-02    2.70e-01
   6  3.462778e+04    1.01e-03    6.18e+00   1.59e+00   1.05e+00  7.29e+06        1    3.56e-02    3.06e-01
   7  3.462778e+04    9.72e-05    9.73e-01   4.98e-01   1.14e+00  2.19e+07        1    3.62e-02    3.42e-01


Bundle adjustment report
------------------------
    Residuals : 73196
   Parameters : 13693
   Iterations : 8
         Time : 0.344426 [s]
 Initial cost : 0.688076 [px]
   Final cost : 0.68781 [px]
  Termination : Convergence

  => Completed observations: 4
  => Merged observations: 20
  => Filtered observations: 4
  => Changed observations: 0.000765

==============================================================================
Global bundle adjustment
==============================================================================

iter      cost      cost_change  |gradient|   |step|    tr_ratio  tr_radius  ls_iter  iter_time  total_time
   0  3.462488e+04    0.00e+00    3.22e+02   0.00e+00   0.00e+00  1.00e+04        0    1.56e-02    7.90e-02
   1  3.461417e+04    1.07e+01    3.49e+00   2.99e+00   1.00e+00  3.00e+04        1    4.05e-02    1.20e-01
   2  3.461413e+04    3.95e-02    1.98e+00   4.86e-01   1.01e+00  9.00e+04        1    3.72e-02    1.57e-01
   3  3.461413e+04    1.30e-04    4.31e-01   8.21e-02   1.05e+00  2.70e+05        1    3.66e-02    1.93e-01


Bundle adjustment report
------------------------
    Residuals : 73196
   Parameters : 13690
   Iterations : 4
         Time : 0.195916 [s]
 Initial cost : 0.687781 [px]
   Final cost : 0.687675 [px]
  Termination : Convergence

  => Completed observations: 0
  => Merged observations: 0
  => Filtered observations: 4
  => Changed observations: 0.000109
  => Filtered images: 0

==============================================================================
Registering image #17 (16)
==============================================================================

  => Image sees 2225 / 2541 points

Pose refinement report
----------------------
    Residuals : 5188
   Parameters : 6
   Iterations : 9
         Time : 0.026845 [s]
 Initial cost : 0.602832 [px]
   Final cost : 0.579691 [px]
  Termination : Convergence

  => Continued observations: 2225
  => Added observations: 261

Bundle adjustment report
------------------------
    Residuals : 44958
   Parameters : 5171
   Iterations : 5
         Time : 0.148047 [s]
 Initial cost : 0.556474 [px]
   Final cost : 0.550597 [px]
  Termination : Convergence

  => Merged observations: 544
  => Completed observations: 105
  => Filtered observations: 179
  => Changed observations: 0.034395

Bundle adjustment report
------------------------
    Residuals : 44832
   Parameters : 5105
   Iterations : 3
         Time : 0.0905678 [s]
 Initial cost : 0.711516 [px]
   Final cost : 0.705136 [px]
  Termination : Convergence

  => Merged observations: 68
  => Completed observations: 41
  => Filtered observations: 5
  => Changed observations: 0.004749

==============================================================================
Registering image #9 (17)
==============================================================================

  => Image sees 1978 / 2352 points

Pose refinement report
----------------------
    Residuals : 4730
   Parameters : 6
   Iterations : 10
         Time : 0.027951 [s]
 Initial cost : 0.635737 [px]
   Final cost : 0.587439 [px]
  Termination : Convergence

  => Continued observations: 1978
  => Added observations: 237

Bundle adjustment report
------------------------
    Residuals : 39552
   Parameters : 4145
   Iterations : 6
         Time : 0.151802 [s]
 Initial cost : 0.583048 [px]
   Final cost : 0.576805 [px]
  Termination : Convergence

  => Merged observations: 731
  => Completed observations: 94
  => Filtered observations: 122
  => Changed observations: 0.044036

Bundle adjustment report
------------------------
    Residuals : 38652
   Parameters : 4067
   Iterations : 3
         Time : 0.0831249 [s]
 Initial cost : 0.758004 [px]
   Final cost : 0.752464 [px]
  Termination : Convergence

  => Merged observations: 101
  => Completed observations: 25
  => Filtered observations: 2
  => Changed observations: 0.005986

==============================================================================
Retriangulation
==============================================================================

  => Completed observations: 65
  => Merged observations: 130
  => Retriangulated observations: 0

==============================================================================
Global bundle adjustment
==============================================================================

iter      cost      cost_change  |gradient|   |step|    tr_ratio  tr_radius  ls_iter  iter_time  total_time
   0  4.220664e+04    0.00e+00    7.63e+02   0.00e+00   0.00e+00  1.00e+04        0    2.15e-02    9.68e-02
   1  4.190023e+04    3.06e+02    9.55e+02   2.71e+01   9.93e-01  3.00e+04        1    4.92e-02    1.46e-01
   2  4.189254e+04    7.70e+00    4.33e+02   1.77e+01   1.07e+00  9.00e+04        1    4.30e-02    1.89e-01
   3  4.188856e+04    3.97e+00    8.69e+03   3.11e+01   9.56e-01  2.70e+05        1    4.22e-02    2.31e-01
   4  4.188328e+04    5.29e+00    1.42e+04   6.33e+01   8.42e-01  3.98e+05        1    4.87e-02    2.80e-01
   5  4.187885e+04    4.43e+00    8.20e+03   6.12e+01   8.98e-01  8.04e+05        1    4.40e-02    3.24e-01
   6  4.187640e+04    2.45e+00    6.62e+03   6.20e+01   8.59e-01  1.28e+06        1    4.42e-02    3.68e-01
   7  4.187531e+04    1.09e+00    2.59e+03   3.97e+01   9.64e-01  3.83e+06        1    4.29e-02    4.11e-01
   8  4.187509e+04    2.14e-01    8.31e+02   2.27e+01   1.01e+00  1.15e+07        1    4.41e-02    4.56e-01
   9  4.187508e+04    1.81e-02    6.43e+01   5.80e+00   1.09e+00  3.45e+07        1    4.34e-02    4.99e-01
  10  4.187508e+04    5.96e-04    2.52e+00   1.07e+00   1.19e+00  1.03e+08        1    4.46e-02    5.44e-01
  11  4.187508e+04    2.86e-05    5.38e-01   2.05e-01   1.23e+00  3.10e+08        1    4.21e-02    5.86e-01


Bundle adjustment report
------------------------
    Residuals : 82622
   Parameters : 14002
   Iterations : 12
         Time : 0.59067 [s]
 Initial cost : 0.714731 [px]
   Final cost : 0.711918 [px]
  Termination : Convergence

  => Completed observations: 15
  => Merged observations: 38
  => Filtered observations: 33
  => Changed observations: 0.002082

==============================================================================
Global bundle adjustment
==============================================================================

iter      cost      cost_change  |gradient|   |step|    tr_ratio  tr_radius  ls_iter  iter_time  total_time
   0  4.186111e+04    0.00e+00    1.83e+03   0.00e+00   0.00e+00  1.00e+04        0    1.74e-02    8.99e-02
   1  4.182984e+04    3.13e+01    1.72e+01   2.85e+00   1.00e+00  3.00e+04        1    4.86e-02    1.39e-01
   2  4.182980e+04    3.80e-02    1.56e+01   1.08e+00   1.07e+00  9.00e+04        1    4.00e-02    1.79e-01
   3  4.182978e+04    1.54e-02    2.77e+01   1.82e+00   1.04e+00  2.70e+05        1    4.47e-02    2.23e-01
   4  4.182976e+04    2.16e-02    5.27e+01   3.77e+00   1.01e+00  8.10e+05        1    5.06e-02    2.74e-01
   5  4.182974e+04    2.13e-02    6.12e+01   5.70e+00   1.01e+00  2.43e+06        1    4.84e-02    3.22e-01
   6  4.182973e+04    7.53e-03    3.34e+01   4.46e+00   1.04e+00  7.29e+06        1    4.65e-02    3.69e-01
   7  4.182973e+04    8.05e-04    4.16e+00   1.53e+00   1.11e+00  2.19e+07        1    4.35e-02    4.13e-01
   8  4.182973e+04    4.12e-05    8.69e-01   2.89e-01   1.19e+00  6.56e+07        1    4.41e-02    4.57e-01


Bundle adjustment report
------------------------
    Residuals : 82540
   Parameters : 13951
   Iterations : 9
         Time : 0.459613 [s]
 Initial cost : 0.712153 [px]
   Final cost : 0.711886 [px]
  Termination : Convergence

  => Completed observations: 6
  => Merged observations: 0
  => Filtered observations: 8
  => Changed observations: 0.000339
  => Filtered images: 0

==============================================================================
Registering image #77 (18)
==============================================================================

  => Image sees 2047 / 2449 points

Pose refinement report
----------------------
    Residuals : 4924
   Parameters : 6
   Iterations : 7
         Time : 0.0198271 [s]
 Initial cost : 0.607968 [px]
   Final cost : 0.574777 [px]
  Termination : Convergence

  => Continued observations: 2044
  => Added observations: 426

Bundle adjustment report
------------------------
    Residuals : 40988
   Parameters : 4394
   Iterations : 4
         Time : 0.107918 [s]
 Initial cost : 0.586841 [px]
   Final cost : 0.581016 [px]
  Termination : Convergence

  => Merged observations: 372
  => Completed observations: 95
  => Filtered observations: 142
  => Changed observations: 0.027080

Bundle adjustment report
------------------------
    Residuals : 40904
   Parameters : 4340
   Iterations : 2
         Time : 0.0548921 [s]
 Initial cost : 0.750398 [px]
   Final cost : 0.745209 [px]
  Termination : Convergence

  => Merged observations: 51
  => Completed observations: 36
  => Filtered observations: 5
  => Changed observations: 0.004098

==============================================================================
Registering image #78 (19)
==============================================================================

  => Image sees 2140 / 2494 points

Pose refinement report
----------------------
    Residuals : 5160
   Parameters : 6
   Iterations : 7
         Time : 0.02159 [s]
 Initial cost : 0.593834 [px]
   Final cost : 0.583792 [px]
  Termination : Convergence

  => Continued observations: 2140
  => Added observations: 360

Bundle adjustment report
------------------------
    Residuals : 39882
   Parameters : 4100
   Iterations : 6
         Time : 0.159985 [s]
 Initial cost : 0.59864 [px]
   Final cost : 0.591581 [px]
  Termination : Convergence

  => Merged observations: 551
  => Completed observations: 97
  => Filtered observations: 129
  => Changed observations: 0.035233

Bundle adjustment report
------------------------
    Residuals : 39852
   Parameters : 4058
   Iterations : 2
         Time : 0.05757 [s]
 Initial cost : 0.772176 [px]
   Final cost : 0.767203 [px]
  Termination : Convergence

  => Merged observations: 52
  => Completed observations: 35
  => Filtered observations: 10
  => Changed observations: 0.004401

==============================================================================
Retriangulation
==============================================================================

  => Completed observations: 65
  => Merged observations: 182
  => Retriangulated observations: 0

==============================================================================
Global bundle adjustment
==============================================================================

iter      cost      cost_change  |gradient|   |step|    tr_ratio  tr_radius  ls_iter  iter_time  total_time
   0  4.855147e+04    0.00e+00    6.30e+03   0.00e+00   0.00e+00  1.00e+04        0    2.10e-02    1.11e-01
   1  4.822137e+04    3.30e+02    2.81e+03   1.43e+01   9.98e-01  3.00e+04        1    4.98e-02    1.61e-01
   2  4.821900e+04    2.37e+00    3.99e+03   5.09e+00   1.03e+00  9.00e+04        1    5.50e-02    2.16e-01
   3  4.821843e+04    5.70e-01    1.68e+03   4.42e+00   1.07e+00  2.70e+05        1    5.09e-02    2.67e-01
   4  4.821834e+04    9.02e-02    1.77e+02   4.57e+00   1.10e+00  8.10e+05        1    5.21e-02    3.19e-01
   5  4.821831e+04    2.80e-02    2.02e+02   6.03e+00   1.04e+00  2.43e+06        1    4.80e-02    3.67e-01
   6  4.821830e+04    8.70e-03    5.95e+01   4.48e+00   1.06e+00  7.29e+06        1    4.48e-02    4.12e-01
   7  4.821830e+04    9.18e-04    6.14e+00   1.51e+00   1.13e+00  2.19e+07        1    4.69e-02    4.59e-01
   8  4.821830e+04    5.05e-05    8.76e-01   2.98e-01   1.20e+00  6.56e+07        1    5.10e-02    5.10e-01


Bundle adjustment report
------------------------
    Residuals : 92556
   Parameters : 14785
   Iterations : 9
         Time : 0.513366 [s]
 Initial cost : 0.724267 [px]
   Final cost : 0.721778 [px]
  Termination : Convergence

  => Completed observations: 19
  => Merged observations: 42
  => Filtered observations: 27
  => Changed observations: 0.001902

==============================================================================
Global bundle adjustment
==============================================================================

iter      cost      cost_change  |gradient|   |step|    tr_ratio  tr_radius  ls_iter  iter_time  total_time
   0  4.819538e+04    0.00e+00    2.56e+02   0.00e+00   0.00e+00  1.00e+04        0    2.05e-02    1.06e-01
   1  4.815629e+04    3.91e+01    5.53e+00   3.42e+00   9.99e-01  3.00e+04        1    5.19e-02    1.58e-01
   2  4.815626e+04    3.10e-02    1.96e+00   3.12e-01   1.02e+00  9.00e+04        1    4.70e-02    2.05e-01
   3  4.815626e+04    5.20e-04    8.24e-01   8.83e-02   1.10e+00  2.70e+05        1    4.70e-02    2.53e-01


Bundle adjustment report
------------------------
    Residuals : 92520
   Parameters : 14758
   Iterations : 4
         Time : 0.25565 [s]
 Initial cost : 0.721747 [px]
   Final cost : 0.721454 [px]
  Termination : Convergence

  => Completed observations: 10
  => Merged observations: 0
  => Filtered observations: 6
  => Changed observations: 0.000346
  => Filtered images: 0

==============================================================================
Registering image #89 (20)
==============================================================================

  => Image sees 2256 / 2650 points

Pose refinement report
----------------------
    Residuals : 5524
   Parameters : 6
   Iterations : 7
         Time : 0.022649 [s]
 Initial cost : 0.599893 [px]
   Final cost : 0.581591 [px]
  Termination : Convergence

  => Continued observations: 2256
  => Added observations: 307

Bundle adjustment report
------------------------
    Residuals : 39862
   Parameters : 3932
   Iterations : 5
         Time : 0.132841 [s]
 Initial cost : 0.604435 [px]
   Final cost : 0.597683 [px]
  Termination : Convergence

  => Merged observations: 390
  => Completed observations: 77
  => Filtered observations: 154
  => Changed observations: 0.028125

Bundle adjustment report
------------------------
    Residuals : 39838
   Parameters : 3917
   Iterations : 3
         Time : 0.081121 [s]
 Initial cost : 0.775398 [px]
   Final cost : 0.770092 [px]
  Termination : Convergence

  => Merged observations: 91
  => Completed observations: 37
  => Filtered observations: 3
  => Changed observations: 0.005938

==============================================================================
Registering image #128 (21)
==============================================================================

  => Image sees 2289 / 2804 points

Pose refinement report
----------------------
    Residuals : 5400
   Parameters : 6
   Iterations : 9
         Time : 0.0294402 [s]
 Initial cost : 0.731672 [px]
   Final cost : 0.638043 [px]
  Termination : Convergence

  => Continued observations: 2252
  => Added observations: 315

Bundle adjustment report
------------------------
    Residuals : 38656
   Parameters : 3536
   Iterations : 6
         Time : 0.161826 [s]
 Initial cost : 0.618675 [px]
   Final cost : 0.602844 [px]
  Termination : Convergence

  => Merged observations: 311
  => Completed observations: 105
  => Filtered observations: 267
  => Changed observations: 0.031917

Bundle adjustment report
------------------------
    Residuals : 38412
   Parameters : 3503
   Iterations : 3
         Time : 0.0797031 [s]
 Initial cost : 0.76502 [px]
   Final cost : 0.75819 [px]
  Termination : Convergence

  => Merged observations: 107
  => Completed observations: 42
  => Filtered observations: 3
  => Changed observations: 0.007145

==============================================================================
Retriangulation
==============================================================================

  => Completed observations: 76
  => Merged observations: 664
  => Retriangulated observations: 0

==============================================================================
Global bundle adjustment
==============================================================================

iter      cost      cost_change  |gradient|   |step|    tr_ratio  tr_radius  ls_iter  iter_time  total_time
   0  5.607859e+04    0.00e+00    1.28e+04   0.00e+00   0.00e+00  1.00e+04        0    2.34e-02    1.18e-01
   1  5.554614e+04    5.32e+02    1.68e+02   1.46e+01   1.00e+00  3.00e+04        1    5.64e-02    1.75e-01
   2  5.554525e+04    8.96e-01    2.05e+02   3.47e+00   1.02e+00  9.00e+04        1    6.01e-02    2.35e-01
   3  5.554503e+04    2.21e-01    4.48e+02   6.25e+00   1.03e+00  2.70e+05        1    5.95e-02    2.94e-01
   4  5.554474e+04    2.81e-01    7.43e+02   1.27e+01   9.99e-01  8.10e+05        1    6.12e-02    3.56e-01
   5  5.554449e+04    2.56e-01    6.80e+02   1.84e+01   9.96e-01  2.43e+06        1    5.69e-02    4.13e-01
   6  5.554440e+04    8.47e-02    3.17e+02   1.36e+01   1.02e+00  7.29e+06        1    5.25e-02    4.65e-01
   7  5.554440e+04    8.44e-03    3.75e+01   4.41e+00   1.08e+00  2.19e+07        1    5.95e-02    5.25e-01
   8  5.554440e+04    3.16e-04    1.97e+00   7.55e-01   1.15e+00  6.56e+07        1    5.97e-02    5.85e-01
   9  5.554440e+04    1.04e-05    3.35e-01   1.23e-01   1.18e+00  1.97e+08        1    5.59e-02    6.41e-01


Bundle adjustment report
------------------------
    Residuals : 102598
   Parameters : 15286
   Iterations : 10
         Time : 0.645987 [s]
 Initial cost : 0.739314 [px]
   Final cost : 0.735785 [px]
  Termination : Convergence

  => Completed observations: 25
  => Merged observations: 12
  => Filtered observations: 17
  => Changed observations: 0.001053

==============================================================================
Global bundle adjustment
==============================================================================

iter      cost      cost_change  |gradient|   |step|    tr_ratio  tr_radius  ls_iter  iter_time  total_time
   0  5.561546e+04    0.00e+00    1.95e+02   0.00e+00   0.00e+00  1.00e+04        0    2.29e-02    1.17e-01
   1  5.557857e+04    3.69e+01    8.55e+00   2.99e+00   9.99e-01  3.00e+04        1    5.59e-02    1.73e-01
   2  5.557854e+04    3.17e-02    3.31e+01   3.68e-01   1.02e+00  9.00e+04        1    6.11e-02    2.34e-01
   3  5.557853e+04    3.33e-03    1.94e+01   2.25e-01   1.09e+00  2.70e+05        1    5.79e-02    2.92e-01
   4  5.557853e+04    3.86e-04    4.54e+00   1.12e-01   1.13e+00  8.10e+05        1    5.84e-02    3.51e-01
   5  5.557853e+04    4.47e-05    7.90e-01   1.71e-01   1.06e+00  2.43e+06        1    5.38e-02    4.05e-01


Bundle adjustment report
------------------------
    Residuals : 102614
   Parameters : 15283
   Iterations : 6
         Time : 0.40797 [s]
 Initial cost : 0.736198 [px]
   Final cost : 0.735953 [px]
  Termination : Convergence

  => Completed observations: 7
  => Merged observations: 36
  => Filtered observations: 3
  => Changed observations: 0.000897

==============================================================================
Global bundle adjustment
==============================================================================

iter      cost      cost_change  |gradient|   |step|    tr_ratio  tr_radius  ls_iter  iter_time  total_time
   0  5.561615e+04    0.00e+00    1.06e+02   0.00e+00   0.00e+00  1.00e+04        0    2.13e-02    1.14e-01
   1  5.560247e+04    1.37e+01    9.21e+00   4.43e+00   9.99e-01  3.00e+04        1    5.36e-02    1.68e-01
   2  5.560244e+04    3.09e-02    1.63e+00   2.92e-01   1.00e+00  9.00e+04        1    5.55e-02    2.24e-01
   3  5.560244e+04    7.74e-04    1.36e+00   3.67e-01   1.00e+00  2.70e+05        1    5.42e-02    2.78e-01
   4  5.560244e+04    1.33e-03    2.00e+00   8.41e-01   1.00e+00  8.10e+05        1    5.81e-02    3.36e-01
   5  5.560244e+04    1.26e-03    2.22e+00   1.25e+00   1.01e+00  2.43e+06        1    5.70e-02    3.93e-01
   6  5.560244e+04    4.06e-04    2.00e+00   9.26e-01   1.04e+00  7.29e+06        1    5.41e-02    4.47e-01
   7  5.560244e+04    3.66e-05    3.96e-01   2.95e-01   1.09e+00  2.19e+07        1    5.54e-02    5.03e-01


Bundle adjustment report
------------------------
    Residuals : 102622
   Parameters : 15277
   Iterations : 8
         Time : 0.505983 [s]
 Initial cost : 0.736174 [px]
   Final cost : 0.736083 [px]
  Termination : Convergence

  => Completed observations: 0
  => Merged observations: 0
  => Filtered observations: 4
  => Changed observations: 0.000078
  => Filtered images: 0

==============================================================================
Registering image #127 (22)
==============================================================================

  => Image sees 2303 / 2742 points

Pose refinement report
----------------------
    Residuals : 5444
   Parameters : 6
   Iterations : 7
         Time : 0.0223818 [s]
 Initial cost : 0.637163 [px]
   Final cost : 0.620905 [px]
  Termination : Convergence

  => Continued observations: 2261
  => Added observations: 264

Bundle adjustment report
------------------------
    Residuals : 38484
   Parameters : 3539
   Iterations : 5
         Time : 0.133446 [s]
 Initial cost : 0.622705 [px]
   Final cost : 0.61033 [px]
  Termination : Convergence

  => Merged observations: 223
  => Completed observations: 93
  => Filtered observations: 262
  => Changed observations: 0.026836

Bundle adjustment report
------------------------
    Residuals : 38290
   Parameters : 3551
   Iterations : 2
         Time : 0.0541799 [s]
 Initial cost : 0.763867 [px]
   Final cost : 0.756489 [px]
  Termination : Convergence

  => Merged observations: 94
  => Completed observations: 53
  => Filtered observations: 8
  => Changed observations: 0.007415

==============================================================================
Registering image #132 (23)
==============================================================================

  => Image sees 2454 / 2847 points

Pose refinement report
----------------------
    Residuals : 5948
   Parameters : 6
   Iterations : 8
         Time : 0.027982 [s]
 Initial cost : 0.681073 [px]
   Final cost : 0.587903 [px]
  Termination : Convergence

  => Continued observations: 2439
  => Added observations: 394

Bundle adjustment report
------------------------
    Residuals : 39558
   Parameters : 3710
   Iterations : 6
         Time : 0.152151 [s]
 Initial cost : 0.61268 [px]
   Final cost : 0.605276 [px]
  Termination : Convergence

  => Merged observations: 551
  => Completed observations: 153
  => Filtered observations: 221
  => Changed observations: 0.041774

Bundle adjustment report
------------------------
    Residuals : 39184
   Parameters : 3632
   Iterations : 2
         Time : 0.0549281 [s]
 Initial cost : 0.777488 [px]
   Final cost : 0.771232 [px]
  Termination : Convergence

  => Merged observations: 190
  => Completed observations: 55
  => Filtered observations: 5
  => Changed observations: 0.011384

==============================================================================
Registering image #131 (24)
==============================================================================

  => Image sees 2513 / 2801 points

Pose refinement report
----------------------
    Residuals : 6132
   Parameters : 6
   Iterations : 8
         Time : 0.0311038 [s]
 Initial cost : 0.681546 [px]
   Final cost : 0.592101 [px]
  Termination : Convergence

  => Continued observations: 2499
  => Added observations: 239

Bundle adjustment report
------------------------
    Residuals : 39890
   Parameters : 3542
   Iterations : 4
         Time : 0.103305 [s]
 Initial cost : 0.619472 [px]
   Final cost : 0.613166 [px]
  Termination : Convergence

  => Merged observations: 489
  => Completed observations: 123
  => Filtered observations: 238
  => Changed observations: 0.038064

Bundle adjustment report
------------------------
    Residuals : 39678
   Parameters : 3494
   Iterations : 2
         Time : 0.053731 [s]
 Initial cost : 0.785881 [px]
   Final cost : 0.779816 [px]
  Termination : Convergence

  => Merged observations: 169
  => Completed observations: 64
  => Filtered observations: 5
  => Changed observations: 0.010707

==============================================================================
Retriangulation
==============================================================================

  => Completed observations: 123
  => Merged observations: 456
  => Retriangulated observations: 0

==============================================================================
Global bundle adjustment
==============================================================================

iter      cost      cost_change  |gradient|   |step|    tr_ratio  tr_radius  ls_iter  iter_time  total_time
   0  6.734366e+04    0.00e+00    6.73e+03   0.00e+00   0.00e+00  1.00e+04        0    2.71e-02    1.43e-01
   1  6.644105e+04    9.03e+02    7.37e+02   1.56e+01   1.00e+00  3.00e+04        1    7.04e-02    2.13e-01
   2  6.643970e+04    1.35e+00    1.60e+01   3.66e+00   1.03e+00  9.00e+04        1    7.22e-02    2.86e-01
   3  6.643956e+04    1.42e-01    1.99e+00   4.90e+00   1.02e+00  2.70e+05        1    6.98e-02    3.55e-01
   4  6.643932e+04    2.37e-01    1.46e+02   1.08e+01   1.01e+00  8.10e+05        1    6.68e-02    4.22e-01
   5  6.643910e+04    2.28e-01    3.67e+02   1.60e+01   1.00e+00  2.43e+06        1    6.96e-02    4.92e-01
   6  6.643902e+04    7.48e-02    2.27e+02   1.18e+01   1.02e+00  7.29e+06        1    6.61e-02    5.58e-01
   7  6.643902e+04    6.69e-03    2.95e+01   3.68e+00   1.07e+00  2.19e+07        1    6.80e-02    6.26e-01
   8  6.643902e+04    2.03e-04    1.44e+00   5.70e-01   1.13e+00  6.56e+07        1    6.61e-02    6.92e-01
   9  6.643902e+04    5.24e-06    1.55e-01   7.95e-02   1.16e+00  1.97e+08        1    7.13e-02    7.64e-01


Bundle adjustment report
------------------------
    Residuals : 118644
   Parameters : 16012
   Iterations : 10
         Time : 0.768159 [s]
 Initial cost : 0.7534 [px]
   Final cost : 0.748322 [px]
  Termination : Convergence

  => Completed observations: 67
  => Merged observations: 130
  => Filtered observations: 43
  => Changed observations: 0.004046

==============================================================================
Global bundle adjustment
==============================================================================

iter      cost      cost_change  |gradient|   |step|    tr_ratio  tr_radius  ls_iter  iter_time  total_time
   0  6.658579e+04    0.00e+00    1.35e+03   0.00e+00   0.00e+00  1.00e+04        0    2.96e-02    1.38e-01
   1  6.647550e+04    1.10e+02    4.59e+01   4.56e+00   9.99e-01  3.00e+04        1    6.72e-02    2.05e-01
   2  6.647543e+04    6.76e-02    1.67e+01   5.74e-01   9.99e-01  9.00e+04        1    6.91e-02    2.74e-01
   3  6.647543e+04    6.74e-03    8.31e+00   9.34e-01   1.04e+00  2.70e+05        1    6.81e-02    3.42e-01
   4  6.647542e+04    7.73e-03    2.05e+01   1.87e+00   1.01e+00  8.10e+05        1    6.72e-02    4.10e-01
   5  6.647541e+04    7.22e-03    1.65e+01   2.75e+00   1.01e+00  2.43e+06        1    6.66e-02    4.76e-01
   6  6.647541e+04    2.37e-03    7.32e+00   2.08e+00   1.03e+00  7.29e+06        1    6.34e-02    5.40e-01
   7  6.647541e+04    2.06e-04    1.91e+00   6.69e-01   1.07e+00  2.19e+07        1    6.99e-02    6.10e-01
   8  6.647541e+04    6.78e-06    2.87e-01   1.05e-01   1.13e+00  6.56e+07        1    6.26e-02    6.72e-01


Bundle adjustment report
------------------------
    Residuals : 118686
   Parameters : 15994
   Iterations : 9
         Time : 0.675996 [s]
 Initial cost : 0.749016 [px]
   Final cost : 0.748395 [px]
  Termination : Convergence

  => Completed observations: 19
  => Merged observations: 26
  => Filtered observations: 17
  => Changed observations: 0.001045

==============================================================================
Global bundle adjustment
==============================================================================

iter      cost      cost_change  |gradient|   |step|    tr_ratio  tr_radius  ls_iter  iter_time  total_time
   0  6.643097e+04    0.00e+00    7.66e+02   0.00e+00   0.00e+00  1.00e+04        0    2.67e-02    1.37e-01
   1  6.640225e+04    2.87e+01    3.59e+00   3.30e+00   1.00e+00  3.00e+04        1    6.57e-02    2.03e-01
   2  6.640223e+04    1.69e-02    5.73e+00   3.05e-01   1.02e+00  9.00e+04        1    6.27e-02    2.65e-01
   3  6.640223e+04    2.34e-03    2.00e+00   3.53e-01   1.08e+00  2.70e+05        1    6.60e-02    3.32e-01
   4  6.640223e+04    7.86e-04    5.23e+00   5.34e-01   1.05e+00  8.10e+05        1    6.54e-02    3.97e-01
   5  6.640223e+04    5.53e-04    2.71e+00   7.57e-01   1.02e+00  2.43e+06        1    7.06e-02    4.68e-01
   6  6.640223e+04    1.79e-04    1.37e+00   5.70e-01   1.03e+00  7.29e+06        1    6.00e-02    5.28e-01
   7  6.640223e+04    1.56e-05    2.10e-01   1.83e-01   1.07e+00  2.19e+07        1    6.61e-02    5.94e-01


Bundle adjustment report
------------------------
    Residuals : 118680
   Parameters : 15985
   Iterations : 8
         Time : 0.597624 [s]
 Initial cost : 0.748164 [px]
   Final cost : 0.748002 [px]
  Termination : Convergence

  => Completed observations: 14
  => Merged observations: 0
  => Filtered observations: 6
  => Changed observations: 0.000337
  => Filtered images: 0

==============================================================================
Registering image #133 (25)
==============================================================================

  => Image sees 2530 / 2764 points

Pose refinement report
----------------------
    Residuals : 6272
   Parameters : 6
   Iterations : 8
         Time : 0.036463 [s]
 Initial cost : 0.671123 [px]
   Final cost : 0.580007 [px]
  Termination : Convergence

  => Continued observations: 2525
  => Added observations: 244

Bundle adjustment report
------------------------
    Residuals : 40420
   Parameters : 3449
   Iterations : 4
         Time : 0.104356 [s]
 Initial cost : 0.613663 [px]
   Final cost : 0.608456 [px]
  Termination : Convergence

  => Merged observations: 353
  => Completed observations: 75
  => Filtered observations: 207
  => Changed observations: 0.028099

Bundle adjustment report
------------------------
    Residuals : 40156
   Parameters : 3413
   Iterations : 2
         Time : 0.0568712 [s]
 Initial cost : 0.779057 [px]
   Final cost : 0.773854 [px]
  Termination : Convergence

  => Merged observations: 19
  => Completed observations: 82
  => Filtered observations: 10
  => Changed observations: 0.004940

==============================================================================
Registering image #129 (26)
==============================================================================

  => Image sees 2530 / 2764 points

Pose refinement report
----------------------
    Residuals : 6340
   Parameters : 6
   Iterations : 6
         Time : 0.0229249 [s]
 Initial cost : 0.588831 [px]
   Final cost : 0.583991 [px]
  Termination : Convergence

  => Continued observations: 2521
  => Added observations: 172

Bundle adjustment report
------------------------
    Residuals : 39654
   Parameters : 3041
   Iterations : 4
         Time : 0.104374 [s]
 Initial cost : 0.612666 [px]
   Final cost : 0.606581 [px]
  Termination : Convergence

  => Merged observations: 383
  => Completed observations: 98
  => Filtered observations: 218
  => Changed observations: 0.031628

Bundle adjustment report
------------------------
    Residuals : 39440
   Parameters : 3017
   Iterations : 3
         Time : 0.0785351 [s]
 Initial cost : 0.777309 [px]
   Final cost : 0.771749 [px]
  Termination : Convergence

  => Merged observations: 11
  => Completed observations: 57
  => Filtered observations: 4
  => Changed observations: 0.003274

==============================================================================
Registering image #130 (27)
==============================================================================

  => Image sees 2505 / 2705 points

Pose refinement report
----------------------
    Residuals : 6346
   Parameters : 6
   Iterations : 7
         Time : 0.0267329 [s]
 Initial cost : 0.706178 [px]
   Final cost : 0.589006 [px]
  Termination : Convergence

  => Continued observations: 2497
  => Added observations: 147

Bundle adjustment report
------------------------
    Residuals : 39030
   Parameters : 2756
   Iterations : 4
         Time : 0.105086 [s]
 Initial cost : 0.617031 [px]
   Final cost : 0.611487 [px]
  Termination : Convergence

  => Merged observations: 558
  => Completed observations: 108
  => Filtered observations: 218
  => Changed observations: 0.040526

Bundle adjustment report
------------------------
    Residuals : 38738
   Parameters : 2696
   Iterations : 2
         Time : 0.051722 [s]
 Initial cost : 0.787162 [px]
   Final cost : 0.781951 [px]
  Termination : Convergence

  => Merged observations: 43
  => Completed observations: 57
  => Filtered observations: 4
  => Changed observations: 0.004754

==============================================================================
Retriangulation
==============================================================================

  => Completed observations: 154
  => Merged observations: 851
  => Retriangulated observations: 0

==============================================================================
Global bundle adjustment
==============================================================================

iter      cost      cost_change  |gradient|   |step|    tr_ratio  tr_radius  ls_iter  iter_time  total_time
   0  7.727387e+04    0.00e+00    4.97e+03   0.00e+00   0.00e+00  1.00e+04        0    3.12e-02    1.65e-01
   1  7.661459e+04    6.59e+02    3.51e+02   9.45e+00   1.00e+00  3.00e+04        1    7.57e-02    2.41e-01
   2  7.661412e+04    4.66e-01    1.49e+01   1.40e+00   1.01e+00  9.00e+04        1    7.10e-02    3.12e-01
   3  7.661408e+04    4.23e-02    2.44e+01   2.43e+00   1.00e+00  2.70e+05        1    7.71e-02    3.89e-01
   4  7.661400e+04    7.52e-02    1.59e+01   5.55e+00   1.00e+00  8.10e+05        1    8.02e-02    4.69e-01
   5  7.661393e+04    7.61e-02    9.06e+01   8.55e+00   1.01e+00  2.43e+06        1    7.51e-02    5.44e-01
   6  7.661390e+04    2.64e-02    6.61e+01   6.67e+00   1.02e+00  7.29e+06        1    7.53e-02    6.20e-01
   7  7.661390e+04    2.37e-03    9.65e+00   2.19e+00   1.06e+00  2.19e+07        1    7.91e-02    6.99e-01
   8  7.661390e+04    6.97e-05    5.37e-01   3.34e-01   1.11e+00  6.56e+07        1    8.23e-02    7.81e-01


Bundle adjustment report
------------------------
    Residuals : 134834
   Parameters : 16258
   Iterations : 9
         Time : 0.785901 [s]
 Initial cost : 0.757036 [px]
   Final cost : 0.753796 [px]
  Termination : Convergence

  => Completed observations: 27
  => Merged observations: 144
  => Filtered observations: 53
  => Changed observations: 0.003323

==============================================================================
Global bundle adjustment
==============================================================================

iter      cost      cost_change  |gradient|   |step|    tr_ratio  tr_radius  ls_iter  iter_time  total_time
   0  7.649482e+04    0.00e+00    1.77e+03   0.00e+00   0.00e+00  1.00e+04        0    2.91e-02    1.63e-01
   1  7.642799e+04    6.68e+01    5.95e+00   2.49e+00   9.99e-01  3.00e+04        1    8.59e-02    2.49e-01
   2  7.642796e+04    3.23e-02    5.34e+01   3.31e-01   1.03e+00  9.00e+04        1    7.85e-02    3.27e-01
   3  7.642795e+04    7.24e-03    4.93e+01   5.47e-01   1.06e+00  2.70e+05        1    7.92e-02    4.06e-01
   4  7.642794e+04    5.77e-03    2.50e+01   1.38e+00   1.01e+00  8.10e+05        1    7.81e-02    4.85e-01
   5  7.642794e+04    5.25e-03    2.62e+00   2.18e+00   1.01e+00  2.43e+06        1    7.82e-02    5.63e-01
   6  7.642794e+04    1.79e-03    2.91e+00   1.70e+00   1.02e+00  7.29e+06        1    7.78e-02    6.41e-01
   7  7.642794e+04    1.56e-04    1.19e+00   5.59e-01   1.06e+00  2.19e+07        1    7.15e-02    7.12e-01
   8  7.642794e+04    4.62e-06    1.22e-01   8.53e-02   1.11e+00  6.56e+07        1    7.74e-02    7.90e-01


Bundle adjustment report
------------------------
    Residuals : 134782
   Parameters : 16246
   Iterations : 9
         Time : 0.793893 [s]
 Initial cost : 0.753356 [px]
   Final cost : 0.753026 [px]
  Termination : Convergence

  => Completed observations: 19
  => Merged observations: 0
  => Filtered observations: 19
  => Changed observations: 0.000564

==============================================================================
Global bundle adjustment
==============================================================================

iter      cost      cost_change  |gradient|   |step|    tr_ratio  tr_radius  ls_iter  iter_time  total_time
   0  7.633578e+04    0.00e+00    2.89e+02   0.00e+00   0.00e+00  1.00e+04        0    3.43e-02    1.66e-01
   1  7.631169e+04    2.41e+01    9.72e+00   1.74e+00   9.99e-01  3.00e+04        1    7.44e-02    2.41e-01
   2  7.631169e+04    5.28e-03    3.06e+00   1.40e-01   1.04e+00  9.00e+04        1    7.51e-02    3.16e-01
   3  7.631169e+04    1.00e-03    3.32e+00   1.35e-01   1.08e+00  2.70e+05        1    8.02e-02    3.96e-01
   4  7.631169e+04    4.37e-04    1.69e+00   3.43e-01   1.03e+00  8.10e+05        1    7.34e-02    4.70e-01
   5  7.631169e+04    3.39e-04    1.50e+00   5.48e-01   1.01e+00  2.43e+06        1    7.59e-02    5.46e-01
   6  7.631169e+04    1.14e-04    1.02e+00   4.30e-01   1.02e+00  7.29e+06        1    7.87e-02    6.24e-01
   7  7.631169e+04    9.92e-06    2.58e-01   1.42e-01   1.06e+00  2.19e+07        1    7.47e-02    6.99e-01


Bundle adjustment report
------------------------
    Residuals : 134782
   Parameters : 16246
   Iterations : 8
         Time : 0.703312 [s]
 Initial cost : 0.752572 [px]
   Final cost : 0.752453 [px]
  Termination : Convergence

  => Completed observations: 5
  => Merged observations: 0
  => Filtered observations: 3
  => Changed observations: 0.000119
  => Filtered images: 0

==============================================================================
Registering image #126 (28)
==============================================================================

  => Image sees 2356 / 2572 points

Pose refinement report
----------------------
    Residuals : 5952
   Parameters : 6
   Iterations : 9
         Time : 0.0308411 [s]
 Initial cost : 0.674915 [px]
   Final cost : 0.604747 [px]
  Termination : Convergence

  => Continued observations: 2335
  => Added observations: 247

Bundle adjustment report
------------------------
    Residuals : 38946
   Parameters : 2861
   Iterations : 5
         Time : 0.125563 [s]
 Initial cost : 0.628024 [px]
   Final cost : 0.621884 [px]
  Termination : Convergence

  => Merged observations: 250
  => Completed observations: 111
  => Filtered observations: 258
  => Changed observations: 0.028001

Bundle adjustment report
------------------------
    Residuals : 38614
   Parameters : 2843
   Iterations : 3
         Time : 0.0755382 [s]
 Initial cost : 0.7887 [px]
   Final cost : 0.783218 [px]
  Termination : Convergence

  => Merged observations: 49
  => Completed observations: 77
  => Filtered observations: 2
  => Changed observations: 0.005834

==============================================================================
Registering image #124 (29)
==============================================================================

  => Image sees 2297 / 2496 points

Pose refinement report
----------------------
    Residuals : 5812
   Parameters : 6
   Iterations : 8
         Time : 0.027333 [s]
 Initial cost : 0.664272 [px]
   Final cost : 0.61123 [px]
  Termination : Convergence

  => Continued observations: 2276
  => Added observations: 265

Bundle adjustment report
------------------------
    Residuals : 37338
   Parameters : 2576
   Iterations : 5
         Time : 0.125879 [s]
 Initial cost : 0.629362 [px]
   Final cost : 0.622432 [px]
  Termination : Convergence

  => Merged observations: 324
  => Completed observations: 128
  => Filtered observations: 247
  => Changed observations: 0.033001

Bundle adjustment report
------------------------
    Residuals : 36938
   Parameters : 2522
   Iterations : 3
         Time : 0.0720701 [s]
 Initial cost : 0.789959 [px]
   Final cost : 0.784284 [px]
  Termination : Convergence

  => Merged observations: 54
  => Completed observations: 62
  => Filtered observations: 4
  => Changed observations: 0.005740

==============================================================================
Registering image #88 (30)
==============================================================================

  => Image sees 2357 / 2616 points

Pose refinement report
----------------------
    Residuals : 6214
   Parameters : 6
   Iterations : 9
         Time : 0.0347159 [s]
 Initial cost : 0.70539 [px]
   Final cost : 0.611756 [px]
  Termination : Convergence

  => Continued observations: 2357
  => Added observations: 180

Bundle adjustment report
------------------------
    Residuals : 35876
   Parameters : 2168
   Iterations : 4
         Time : 0.093848 [s]
 Initial cost : 0.617463 [px]
   Final cost : 0.612987 [px]
  Termination : Convergence

  => Merged observations: 492
  => Completed observations: 136
  => Filtered observations: 191
  => Changed observations: 0.040200

Bundle adjustment report
------------------------
    Residuals : 35570
   Parameters : 2096
   Iterations : 2
         Time : 0.0477409 [s]
 Initial cost : 0.789821 [px]
   Final cost : 0.784641 [px]
  Termination : Convergence

  => Merged observations: 91
  => Completed observations: 44
  => Filtered observations: 6
  => Changed observations: 0.006971

==============================================================================
Retriangulation
==============================================================================

  => Completed observations: 172
  => Merged observations: 661
  => Retriangulated observations: 0

==============================================================================
Global bundle adjustment
==============================================================================

iter      cost      cost_change  |gradient|   |step|    tr_ratio  tr_radius  ls_iter  iter_time  total_time
   0  8.805009e+04    0.00e+00    4.41e+03   0.00e+00   0.00e+00  1.00e+04        0    3.47e-02    1.90e-01
   1  8.737196e+04    6.78e+02    5.12e+02   1.15e+01   1.00e+00  3.00e+04        1    8.94e-02    2.80e-01
   2  8.737047e+04    1.49e+00    2.47e+03   3.09e+00   1.02e+00  9.00e+04        1    8.91e-02    3.69e-01
   3  8.737012e+04    3.54e-01    1.78e+03   1.92e+00   1.08e+00  2.70e+05        1    8.03e-02    4.49e-01
   4  8.737006e+04    6.34e-02    5.64e+02   1.74e+00   1.09e+00  8.10e+05        1    8.24e-02    5.32e-01
   5  8.737004e+04    1.52e-02    1.31e+02   3.06e+00   1.03e+00  2.43e+06        1    8.18e-02    6.14e-01
   6  8.737004e+04    4.25e-03    1.41e+01   2.50e+00   1.02e+00  7.29e+06        1    8.48e-02    6.99e-01
   7  8.737004e+04    3.65e-04    2.00e+00   8.42e-01   1.05e+00  2.19e+07        1    8.37e-02    7.82e-01
   8  8.737004e+04    9.67e-06    1.42e-01   1.25e-01   1.10e+00  6.56e+07        1    8.37e-02    8.66e-01


Bundle adjustment report
------------------------
    Residuals : 150138
   Parameters : 16726
   Iterations : 9
         Time : 0.872815 [s]
 Initial cost : 0.765807 [px]
   Final cost : 0.762844 [px]
  Termination : Convergence

  => Completed observations: 46
  => Merged observations: 29
  => Filtered observations: 51
  => Changed observations: 0.001678

==============================================================================
Global bundle adjustment
==============================================================================

iter      cost      cost_change  |gradient|   |step|    tr_ratio  tr_radius  ls_iter  iter_time  total_time
   0  8.730966e+04    0.00e+00    9.44e+02   0.00e+00   0.00e+00  1.00e+04        0    3.24e-02    1.83e-01
   1  8.723801e+04    7.17e+01    2.46e+01   5.11e+00   9.99e-01  3.00e+04        1    9.15e-02    2.74e-01
   2  8.723787e+04    1.34e-01    1.23e+01   9.09e-01   1.01e+00  9.00e+04        1    8.81e-02    3.62e-01
   3  8.723787e+04    1.63e-03    6.31e+00   2.24e-01   1.09e+00  2.70e+05        1    9.09e-02    4.53e-01
   4  8.723787e+04    3.86e-04    9.43e-01   3.03e-01   1.07e+00  8.10e+05        1    9.06e-02    5.44e-01


Bundle adjustment report
------------------------
    Residuals : 150128
   Parameters : 16720
   Iterations : 5
         Time : 0.550663 [s]
 Initial cost : 0.762606 [px]
   Final cost : 0.762293 [px]
  Termination : Convergence

  => Completed observations: 27
  => Merged observations: 36
  => Filtered observations: 24
  => Changed observations: 0.001159

==============================================================================
Global bundle adjustment
==============================================================================

iter      cost      cost_change  |gradient|   |step|    tr_ratio  tr_radius  ls_iter  iter_time  total_time
   0  8.715748e+04    0.00e+00    1.51e+02   0.00e+00   0.00e+00  1.00e+04        0    3.40e-02    1.82e-01
   1  8.712876e+04    2.87e+01    6.56e+00   3.03e+00   1.00e+00  3.00e+04        1    8.78e-02    2.70e-01
   2  8.712869e+04    7.17e-02    2.00e+00   9.01e-01   1.01e+00  9.00e+04        1    9.07e-02    3.61e-01
   3  8.712869e+04    2.66e-03    1.18e+00   4.35e-01   1.00e+00  2.70e+05        1    8.61e-02    4.47e-01
   4  8.712868e+04    2.54e-03    1.99e+00   9.44e-01   1.00e+00  8.10e+05        1    7.94e-02    5.26e-01
   5  8.712868e+04    2.65e-03    2.95e+00   1.48e+00   1.01e+00  2.43e+06        1    8.44e-02    6.11e-01
   6  8.712868e+04    9.57e-04    2.00e+00   1.20e+00   1.02e+00  7.29e+06        1    9.72e-02    7.08e-01
   7  8.712868e+04    8.72e-05    8.03e-01   4.07e-01   1.05e+00  2.19e+07        1    9.53e-02    8.03e-01


Bundle adjustment report
------------------------
    Residuals : 150134
   Parameters : 16717
   Iterations : 8
         Time : 0.807899 [s]
 Initial cost : 0.761926 [px]
   Final cost : 0.7618 [px]
  Termination : Convergence

  => Completed observations: 15
  => Merged observations: 29
  => Filtered observations: 17
  => Changed observations: 0.000813

==============================================================================
Global bundle adjustment
==============================================================================

iter      cost      cost_change  |gradient|   |step|    tr_ratio  tr_radius  ls_iter  iter_time  total_time
   0  8.704661e+04    0.00e+00    1.70e+02   0.00e+00   0.00e+00  1.00e+04        0    2.91e-02    1.76e-01
   1  8.702489e+04    2.17e+01    6.07e+00   3.15e+00   1.00e+00  3.00e+04        1    8.79e-02    2.64e-01
   2  8.702477e+04    1.17e-01    1.65e+00   1.10e+00   1.01e+00  9.00e+04        1    7.87e-02    3.43e-01
   3  8.702477e+04    2.01e-03    8.76e-01   1.55e-01   1.02e+00  2.70e+05        1    7.91e-02    4.22e-01


Bundle adjustment report
------------------------
    Residuals : 150130
   Parameters : 16714
   Iterations : 4
         Time : 0.426691 [s]
 Initial cost : 0.761451 [px]
   Final cost : 0.761356 [px]
  Termination : Convergence

  => Completed observations: 6
  => Merged observations: 0
  => Filtered observations: 3
  => Changed observations: 0.000120
  => Filtered images: 0

==============================================================================
Registering image #81 (31)
==============================================================================

  => Image sees 2238 / 2691 points

Pose refinement report
----------------------
    Residuals : 5538
   Parameters : 6
   Iterations : 12
         Time : 0.045939 [s]
 Initial cost : 0.765857 [px]
   Final cost : 0.701174 [px]
  Termination : Convergence

  => Continued observations: 2175
  => Added observations: 243

Bundle adjustment report
------------------------
    Residuals : 34612
   Parameters : 2294
   Iterations : 6
         Time : 0.132032 [s]
 Initial cost : 0.673864 [px]
   Final cost : 0.665082 [px]
  Termination : Convergence

  => Merged observations: 263
  => Completed observations: 66
  => Filtered observations: 342
  => Changed observations: 0.033597

Bundle adjustment report
------------------------
    Residuals : 34134
   Parameters : 2276
   Iterations : 2
         Time : 0.045608 [s]
 Initial cost : 0.835867 [px]
   Final cost : 0.830769 [px]
  Termination : Convergence

  => Merged observations: 70
  => Completed observations: 63
  => Filtered observations: 6
  => Changed observations: 0.007045

==============================================================================
Registering image #60 (32)
==============================================================================

  => Image sees 2459 / 2830 points

Pose refinement report
----------------------
    Residuals : 6716
   Parameters : 6
   Iterations : 8
         Time : 0.0317161 [s]
 Initial cost : 0.640724 [px]
   Final cost : 0.634111 [px]
  Termination : Convergence

  => Continued observations: 2447
  => Added observations: 301

Bundle adjustment report
------------------------
    Residuals : 36496
   Parameters : 2480
   Iterations : 5
         Time : 0.121236 [s]
 Initial cost : 0.642289 [px]
   Final cost : 0.63753 [px]
  Termination : Convergence

  => Merged observations: 593
  => Completed observations: 119
  => Filtered observations: 212
  => Changed observations: 0.045003

Bundle adjustment report
------------------------
    Residuals : 36368
   Parameters : 2450
   Iterations : 2
         Time : 0.0500312 [s]
 Initial cost : 0.816996 [px]
   Final cost : 0.812373 [px]
  Termination : Convergence

  => Merged observations: 68
  => Completed observations: 52
  => Filtered observations: 6
  => Changed observations: 0.006114

==============================================================================
Registering image #76 (33)
==============================================================================

  => Image sees 2192 / 2413 points

Pose refinement report
----------------------
    Residuals : 5898
   Parameters : 6
   Iterations : 12
         Time : 0.041003 [s]
 Initial cost : 0.725743 [px]
   Final cost : 0.673434 [px]
  Termination : Convergence

  => Continued observations: 2167
  => Added observations: 240

Bundle adjustment report
------------------------
    Residuals : 33444
   Parameters : 1877
   Iterations : 5
         Time : 0.109389 [s]
 Initial cost : 0.661934 [px]
   Final cost : 0.657163 [px]
  Termination : Convergence

  => Merged observations: 476
  => Completed observations: 121
  => Filtered observations: 259
  => Changed observations: 0.044544

Bundle adjustment report
------------------------
    Residuals : 33048
   Parameters : 1847
   Iterations : 2
         Time : 0.045027 [s]
 Initial cost : 0.830519 [px]
   Final cost : 0.826425 [px]
  Termination : Convergence

  => Merged observations: 80
  => Completed observations: 46
  => Filtered observations: 6
  => Changed observations: 0.006922

==============================================================================
Retriangulation
==============================================================================

  => Completed observations: 160
  => Merged observations: 917
  => Retriangulated observations: 0

==============================================================================
Global bundle adjustment
==============================================================================

iter      cost      cost_change  |gradient|   |step|    tr_ratio  tr_radius  ls_iter  iter_time  total_time
   0  1.005433e+05    0.00e+00    3.14e+04   0.00e+00   0.00e+00  1.00e+04        0    3.40e-02    2.19e-01
   1  9.922204e+04    1.32e+03    5.30e+04   3.17e+01   9.86e-01  3.00e+04        1    9.49e-02    3.14e-01
   2  9.917512e+04    4.69e+01    1.07e+05   2.31e+01   6.73e-01  3.13e+04        1    9.16e-02    4.06e-01
   3  9.913742e+04    3.77e+01    2.50e+04   1.19e+01   9.84e-01  9.39e+04        1    9.67e-02    5.02e-01
   4  9.913216e+04    5.26e+00    6.12e+03   1.11e+01   1.05e+00  2.82e+05        1    8.93e-02    5.92e-01
   5  9.913125e+04    9.04e-01    3.35e+03   1.45e+01   1.02e+00  8.45e+05        1    8.91e-02    6.81e-01
   6  9.913073e+04    5.20e-01    1.75e+03   2.09e+01   9.83e-01  2.53e+06        1    9.14e-02    7.72e-01
   7  9.913055e+04    1.83e-01    3.80e+02   1.68e+01   9.99e-01  7.60e+06        1    9.00e-02    8.62e-01
   8  9.913053e+04    1.84e-02    3.13e+01   5.79e+00   1.04e+00  2.28e+07        1    9.73e-02    9.60e-01
   9  9.913053e+04    4.64e-04    1.99e+00   8.70e-01   1.09e+00  6.84e+07        1    9.39e-02    1.05e+00
  10  9.913053e+04    7.32e-06    3.27e-01   9.49e-02   1.12e+00  2.05e+08        1    8.95e-02    1.14e+00


Bundle adjustment report
------------------------
    Residuals : 164864
   Parameters : 17389
   Iterations : 11
         Time : 1.15084 [s]
 Initial cost : 0.780933 [px]
   Final cost : 0.775427 [px]
  Termination : Convergence

  => Completed observations: 68
  => Merged observations: 213
  => Filtered observations: 73
  => Changed observations: 0.004294

==============================================================================
Global bundle adjustment
==============================================================================

iter      cost      cost_change  |gradient|   |step|    tr_ratio  tr_radius  ls_iter  iter_time  total_time
   0  9.930093e+04    0.00e+00    3.29e+02   0.00e+00   0.00e+00  1.00e+04        0    4.25e-02    2.06e-01
   1  9.918429e+04    1.17e+02    3.97e+02   5.68e+00   9.99e-01  3.00e+04        1    9.65e-02    3.02e-01
   2  9.918377e+04    5.19e-01    9.03e+02   2.34e+00   1.04e+00  9.00e+04        1    9.72e-02    4.00e-01
   3  9.918362e+04    1.43e-01    3.06e+02   2.05e+00   1.09e+00  2.70e+05        1    9.44e-02    4.94e-01
   4  9.918360e+04    2.44e-02    7.18e+01   2.35e+00   1.08e+00  8.10e+05        1    9.21e-02    5.86e-01
   5  9.918359e+04    1.22e-02    4.71e+01   3.43e+00   1.01e+00  2.43e+06        1    8.61e-02    6.72e-01
   6  9.918358e+04    4.51e-03    1.04e+01   2.88e+00   1.02e+00  7.29e+06        1    8.83e-02    7.61e-01
   7  9.918358e+04    4.45e-04    1.99e+00   1.04e+00   1.04e+00  2.19e+07        1    9.27e-02    8.53e-01
   8  9.918358e+04    1.25e-05    4.42e-01   1.60e-01   1.09e+00  6.56e+07        1    1.04e-01    9.58e-01


Bundle adjustment report
------------------------
    Residuals : 164812
   Parameters : 17338
   Iterations : 9
         Time : 0.96235 [s]
 Initial cost : 0.776215 [px]
   Final cost : 0.775757 [px]
  Termination : Convergence

  => Completed observations: 36
  => Merged observations: 56
  => Filtered observations: 33
  => Changed observations: 0.001517

==============================================================================
Global bundle adjustment
==============================================================================

iter      cost      cost_change  |gradient|   |step|    tr_ratio  tr_radius  ls_iter  iter_time  total_time
   0  9.912261e+04    0.00e+00    9.26e+02   0.00e+00   0.00e+00  1.00e+04        0    3.54e-02    2.05e-01
   1  9.906881e+04    5.38e+01    4.07e+01   3.07e+00   1.00e+00  3.00e+04        1    9.63e-02    3.01e-01
   2  9.906876e+04    4.67e-02    3.39e+01   6.19e-01   1.02e+00  9.00e+04        1    8.94e-02    3.91e-01
   3  9.906875e+04    8.71e-03    1.96e+00   8.70e-01   1.06e+00  2.70e+05        1    9.04e-02    4.81e-01
   4  9.906875e+04    6.81e-03    1.74e+01   1.66e+00   1.01e+00  8.10e+05        1    1.03e-01    5.84e-01
   5  9.906874e+04    6.91e-03    9.62e+00   2.63e+00   1.00e+00  2.43e+06        1    9.98e-02    6.84e-01
   6  9.906874e+04    2.70e-03    3.13e+00   2.24e+00   1.01e+00  7.29e+06        1    9.09e-02    7.75e-01
   7  9.906874e+04    2.68e-04    1.96e+00   8.07e-01   1.04e+00  2.19e+07        1    9.77e-02    8.73e-01
   8  9.906874e+04    7.50e-06    3.12e-01   1.25e-01   1.09e+00  6.56e+07        1    9.53e-02    9.68e-01


Bundle adjustment report
------------------------
    Residuals : 164804
   Parameters : 17320
   Iterations : 9
         Time : 0.973803 [s]
 Initial cost : 0.775537 [px]
   Final cost : 0.775326 [px]
  Termination : Convergence

  => Completed observations: 14
  => Merged observations: 0
  => Filtered observations: 17
  => Changed observations: 0.000376
  => Filtered images: 0

==============================================================================
Registering image #87 (34)
==============================================================================

  => Image sees 2235 / 2477 points

Pose refinement report
----------------------
    Residuals : 5774
   Parameters : 6
   Iterations : 10
         Time : 0.033833 [s]
 Initial cost : 0.707812 [px]
   Final cost : 0.646931 [px]
  Termination : Convergence

  => Continued observations: 2210
  => Added observations: 246

Bundle adjustment report
------------------------
    Residuals : 34778
   Parameters : 2207
   Iterations : 5
         Time : 0.111138 [s]
 Initial cost : 0.666016 [px]
   Final cost : 0.660989 [px]
  Termination : Convergence

  => Merged observations: 190
  => Completed observations: 74
  => Filtered observations: 256
  => Changed observations: 0.026302

Bundle adjustment report
------------------------
    Residuals : 34548
   Parameters : 2210
   Iterations : 2
         Time : 0.0459599 [s]
 Initial cost : 0.838458 [px]
   Final cost : 0.834082 [px]
  Termination : Convergence

  => Merged observations: 171
  => Completed observations: 52
  => Filtered observations: 6
  => Changed observations: 0.011745

==============================================================================
Registering image #97 (35)
==============================================================================

  => Image sees 2331 / 2593 points

Pose refinement report
----------------------
    Residuals : 6348
   Parameters : 6
   Iterations : 10
         Time : 0.0370219 [s]
 Initial cost : 0.723305 [px]
   Final cost : 0.633929 [px]
  Termination : Convergence

  => Continued observations: 2328
  => Added observations: 217

Bundle adjustment report
------------------------
    Residuals : 33906
   Parameters : 1946
   Iterations : 4
         Time : 0.0915151 [s]
 Initial cost : 0.653185 [px]
   Final cost : 0.64944 [px]
  Termination : Convergence

  => Merged observations: 575
  => Completed observations: 112
  => Filtered observations: 187
  => Changed observations: 0.044906

Bundle adjustment report
------------------------
    Residuals : 33476
   Parameters : 1874
   Iterations : 2
         Time : 0.044435 [s]
 Initial cost : 0.839992 [px]
   Final cost : 0.835344 [px]
  Termination : Convergence

  => Merged observations: 84
  => Completed observations: 60
  => Filtered observations: 5
  => Changed observations: 0.007735

==============================================================================
Registering image #125 (36)
==============================================================================

  => Image sees 2427 / 2614 points

Pose refinement report
----------------------
    Residuals : 6490
   Parameters : 6
   Iterations : 8
         Time : 0.0306368 [s]
 Initial cost : 0.659657 [px]
   Final cost : 0.630053 [px]
  Termination : Convergence

  => Continued observations: 2406
  => Added observations: 230

Bundle adjustment report
------------------------
    Residuals : 36870
   Parameters : 2219
   Iterations : 5
         Time : 0.118216 [s]
 Initial cost : 0.634149 [px]
   Final cost : 0.627737 [px]
  Termination : Convergence

  => Merged observations: 168
  => Completed observations: 128
  => Filtered observations: 257
  => Changed observations: 0.026826

Bundle adjustment report
------------------------
    Residuals : 36410
   Parameters : 2192
   Iterations : 2
         Time : 0.0492232 [s]
 Initial cost : 0.794893 [px]
   Final cost : 0.790199 [px]
  Termination : Convergence

  => Merged observations: 66
  => Completed observations: 65
  => Filtered observations: 4
  => Changed observations: 0.006622

==============================================================================
Registering image #104 (37)
==============================================================================

  => Image sees 2318 / 2527 points

Pose refinement report
----------------------
    Residuals : 6400
   Parameters : 6
   Iterations : 10
         Time : 0.038337 [s]
 Initial cost : 0.684653 [px]
   Final cost : 0.630658 [px]
  Termination : Convergence

  => Continued observations: 2310
  => Added observations: 178

Bundle adjustment report
------------------------
    Residuals : 33162
   Parameters : 1778
   Iterations : 5
         Time : 0.10814 [s]
 Initial cost : 0.655237 [px]
   Final cost : 0.65133 [px]
  Termination : Convergence

  => Merged observations: 305
  => Completed observations: 120
  => Filtered observations: 194
  => Changed observations: 0.032407

Bundle adjustment report
------------------------
    Residuals : 32786
   Parameters : 1715
   Iterations : 2
         Time : 0.045418 [s]
 Initial cost : 0.844103 [px]
   Final cost : 0.839802 [px]
  Termination : Convergence

  => Merged observations: 29
  => Completed observations: 44
  => Filtered observations: 6
  => Changed observations: 0.004165

==============================================================================
Retriangulation
==============================================================================

  => Completed observations: 223
  => Merged observations: 767
  => Retriangulated observations: 0

==============================================================================
Global bundle adjustment
==============================================================================

iter      cost      cost_change  |gradient|   |step|    tr_ratio  tr_radius  ls_iter  iter_time  total_time
   0  1.144119e+05    0.00e+00    9.44e+03   0.00e+00   0.00e+00  1.00e+04        0    3.50e-02    2.32e-01
   1  1.135344e+05    8.78e+02    4.31e+02   1.71e+01   1.00e+00  3.00e+04        1    1.21e-01    3.53e-01
   2  1.135332e+05    1.13e+00    2.50e+02   4.16e+00   1.02e+00  9.00e+04        1    1.00e-01    4.54e-01
   3  1.135332e+05    6.60e-02    2.51e+02   2.21e+00   1.04e+00  2.70e+05        1    1.14e-01    5.67e-01
   4  1.135331e+05    7.11e-02    1.47e+02   5.15e+00   1.01e+00  8.10e+05        1    1.09e-01    6.76e-01
   5  1.135330e+05    8.07e-02    3.00e+01   8.80e+00   1.00e+00  2.43e+06        1    1.04e-01    7.80e-01
   6  1.135330e+05    3.46e-02    8.26e+00   7.91e+00   1.01e+00  7.29e+06        1    1.11e-01    8.91e-01
   7  1.135330e+05    3.81e-03    2.00e+00   3.01e+00   1.04e+00  2.19e+07        1    9.81e-02    9.90e-01
   8  1.135330e+05    1.09e-04    8.07e-01   4.80e-01   1.08e+00  6.56e+07        1    1.04e-01    1.09e+00


Bundle adjustment report
------------------------
    Residuals : 184936
   Parameters : 18001
   Iterations : 9
         Time : 1.10138 [s]
 Initial cost : 0.786547 [px]
   Final cost : 0.78352 [px]
  Termination : Convergence

  => Completed observations: 53
  => Merged observations: 276
  => Filtered observations: 83
  => Changed observations: 0.004456

==============================================================================
Global bundle adjustment
==============================================================================

iter      cost      cost_change  |gradient|   |step|    tr_ratio  tr_radius  ls_iter  iter_time  total_time
   0  1.133353e+05    0.00e+00    1.58e+03   0.00e+00   0.00e+00  1.00e+04        0    4.48e-02    2.48e-01
   1  1.132144e+05    1.21e+02    7.82e+01   4.67e+00   1.00e+00  3.00e+04        1    1.17e-01    3.64e-01
   2  1.132142e+05    1.33e-01    2.30e+02   9.82e-01   1.04e+00  9.00e+04        1    1.09e-01    4.73e-01
   3  1.132142e+05    2.85e-02    1.49e+02   6.06e-01   1.09e+00  2.70e+05        1    1.09e-01    5.83e-01
   4  1.132142e+05    6.62e-03    5.36e+01   1.11e+00   1.06e+00  8.10e+05        1    1.06e-01    6.89e-01
   5  1.132142e+05    4.63e-03    1.51e+01   1.99e+00   1.01e+00  2.43e+06        1    1.16e-01    8.05e-01
   6  1.132142e+05    1.93e-03    2.19e+00   1.81e+00   1.01e+00  7.29e+06        1    1.13e-01    9.18e-01
   7  1.132142e+05    2.11e-04    1.86e+00   6.97e-01   1.04e+00  2.19e+07        1    1.07e-01    1.03e+00
   8  1.132142e+05    6.13e-06    1.28e-01   1.12e-01   1.08e+00  6.56e+07        1    1.10e-01    1.14e+00


Bundle adjustment report
------------------------
    Residuals : 184876
   Parameters : 17977
   Iterations : 9
         Time : 1.14133 [s]
 Initial cost : 0.782965 [px]
   Final cost : 0.782546 [px]
  Termination : Convergence

  => Completed observations: 48
  => Merged observations: 205
  => Filtered observations: 24
  => Changed observations: 0.002997

==============================================================================
Global bundle adjustment
==============================================================================

iter      cost      cost_change  |gradient|   |step|    tr_ratio  tr_radius  ls_iter  iter_time  total_time
   0  1.132872e+05    0.00e+00    7.72e+02   0.00e+00   0.00e+00  1.00e+04        0    4.07e-02    2.58e-01
   1  1.132361e+05    5.11e+01    3.36e+01   3.15e+00   1.00e+00  3.00e+04        1    1.18e-01    3.76e-01
   2  1.132361e+05    2.40e-02    2.65e+00   3.62e-01   1.02e+00  9.00e+04        1    1.08e-01    4.85e-01
   3  1.132361e+05    1.46e-03    2.47e+00   4.20e-01   1.01e+00  2.70e+05        1    1.06e-01    5.90e-01
   4  1.132361e+05    2.64e-03    1.99e+00   9.88e-01   1.00e+00  8.10e+05        1    1.17e-01    7.07e-01
   5  1.132361e+05    3.08e-03    1.94e+00   1.67e+00   1.00e+00  2.43e+06        1    1.06e-01    8.13e-01
   6  1.132361e+05    1.32e-03    2.00e+00   1.50e+00   1.01e+00  7.29e+06        1    1.03e-01    9.16e-01
   7  1.132361e+05    1.44e-04    1.11e+00   5.75e-01   1.04e+00  2.19e+07        1    1.12e-01    1.03e+00
   8  1.132361e+05    4.17e-06    1.19e-01   9.24e-02   1.08e+00  6.56e+07        1    1.01e-01    1.13e+00


Bundle adjustment report
------------------------
    Residuals : 184924
   Parameters : 17962
   Iterations : 9
         Time : 1.13653 [s]
 Initial cost : 0.782697 [px]
   Final cost : 0.78252 [px]
  Termination : Convergence

  => Completed observations: 16
  => Merged observations: 78
  => Filtered observations: 13
  => Changed observations: 0.001157

==============================================================================
Global bundle adjustment
==============================================================================

iter      cost      cost_change  |gradient|   |step|    tr_ratio  tr_radius  ls_iter  iter_time  total_time
   0  1.132527e+05    0.00e+00    1.25e+03   0.00e+00   0.00e+00  1.00e+04        0    4.06e-02    2.37e-01
   1  1.132296e+05    2.32e+01    6.02e+00   4.54e+00   9.98e-01  3.00e+04        1    1.25e-01    3.62e-01
   2  1.132295e+05    6.01e-02    1.70e+01   6.93e-01   1.01e+00  9.00e+04        1    1.12e-01    4.74e-01
   3  1.132295e+05    1.99e-03    1.36e+01   2.66e-01   1.06e+00  2.70e+05        1    1.07e-01    5.81e-01
   4  1.132295e+05    1.46e-03    6.60e+00   6.83e-01   1.01e+00  8.10e+05        1    1.08e-01    6.89e-01
   5  1.132295e+05    1.56e-03    1.99e+00   1.18e+00   1.01e+00  2.43e+06        1    1.02e-01    7.91e-01
   6  1.132295e+05    6.64e-04    2.00e+00   1.06e+00   1.01e+00  7.29e+06        1    1.06e-01    8.97e-01
   7  1.132295e+05    7.22e-05    6.98e-01   4.07e-01   1.04e+00  2.19e+07        1    1.05e-01    1.00e+00


Bundle adjustment report
------------------------
    Residuals : 184930
   Parameters : 17956
   Iterations : 8
         Time : 1.00699 [s]
 Initial cost : 0.782565 [px]
   Final cost : 0.782485 [px]
  Termination : Convergence

  => Completed observations: 13
  => Merged observations: 43
  => Filtered observations: 3
  => Changed observations: 0.000638

==============================================================================
Global bundle adjustment
==============================================================================

iter      cost      cost_change  |gradient|   |step|    tr_ratio  tr_radius  ls_iter  iter_time  total_time
   0  1.132597e+05    0.00e+00    3.42e+02   0.00e+00   0.00e+00  1.00e+04        0    3.42e-02    2.27e-01
   1  1.132492e+05    1.05e+01    7.89e+00   8.83e-01   1.00e+00  3.00e+04        1    1.18e-01    3.46e-01
   2  1.132492e+05    3.08e-03    1.75e+00   9.79e-02   1.01e+00  9.00e+04        1    1.12e-01    4.57e-01
   3  1.132492e+05    2.46e-04    6.45e-01   1.66e-01   1.03e+00  2.70e+05        1    1.02e-01    5.59e-01


Bundle adjustment report
------------------------
    Residuals : 184950
   Parameters : 17953
   Iterations : 4
         Time : 0.564337 [s]
 Initial cost : 0.782547 [px]
   Final cost : 0.782511 [px]
  Termination : Convergence

  => Completed observations: 3
  => Merged observations: 0
  => Filtered observations: 1
  => Changed observations: 0.000043
  => Filtered images: 0

==============================================================================
Registering image #13 (38)
==============================================================================

  => Image sees 2335 / 2597 points

Pose refinement report
----------------------
    Residuals : 6586
   Parameters : 6
   Iterations : 8
         Time : 0.0300479 [s]
 Initial cost : 0.649522 [px]
   Final cost : 0.617335 [px]
  Termination : Convergence

  => Continued observations: 2329
  => Added observations: 193

Bundle adjustment report
------------------------
    Residuals : 36130
   Parameters : 2312
   Iterations : 4
         Time : 0.096565 [s]
 Initial cost : 0.650795 [px]
   Final cost : 0.647069 [px]
  Termination : Convergence

  => Merged observations: 394
  => Completed observations: 75
  => Filtered observations: 180
  => Changed observations: 0.031505

Bundle adjustment report
------------------------
    Residuals : 36430
   Parameters : 2264
   Iterations : 3
         Time : 0.0710299 [s]
 Initial cost : 0.828496 [px]
   Final cost : 0.824566 [px]
  Termination : Convergence

  => Merged observations: 75
  => Completed observations: 47
  => Filtered observations: 4
  => Changed observations: 0.006182

==============================================================================
Registering image #26 (39)
==============================================================================

  => Image sees 2275 / 2495 points

Pose refinement report
----------------------
    Residuals : 6532
   Parameters : 6
   Iterations : 7
         Time : 0.0273049 [s]
 Initial cost : 0.635421 [px]
   Final cost : 0.627482 [px]
  Termination : Convergence

  => Continued observations: 2267
  => Added observations: 175

Bundle adjustment report
------------------------
    Residuals : 34264
   Parameters : 1751
   Iterations : 4
         Time : 0.0889149 [s]
 Initial cost : 0.645511 [px]
   Final cost : 0.64278 [px]
  Termination : Convergence

  => Merged observations: 342
  => Completed observations: 100
  => Filtered observations: 153
  => Changed observations: 0.030128

Bundle adjustment report
------------------------
    Residuals : 33312
   Parameters : 1730
   Iterations : 2
         Time : 0.047225 [s]
 Initial cost : 0.849507 [px]
   Final cost : 0.846194 [px]
  Termination : Convergence

  => Merged observations: 87
  => Completed observations: 45
  => Filtered observations: 3
  => Changed observations: 0.007004

==============================================================================
Registering image #94 (40)
==============================================================================

  => Image sees 2234 / 2389 points

Pose refinement report
----------------------
    Residuals : 6474
   Parameters : 6
   Iterations : 9
         Time : 0.0352921 [s]
 Initial cost : 0.672885 [px]
   Final cost : 0.644827 [px]
  Termination : Convergence

  => Continued observations: 2233
  => Added observations: 145

Bundle adjustment report
------------------------
    Residuals : 31072
   Parameters : 1541
   Iterations : 5
         Time : 0.101108 [s]
 Initial cost : 0.681869 [px]
   Final cost : 0.67871 [px]
  Termination : Convergence

  => Merged observations: 237
  => Completed observations: 109
  => Filtered observations: 175
  => Changed observations: 0.029540

Bundle adjustment report
------------------------
    Residuals : 30906
   Parameters : 1520
   Iterations : 2
         Time : 0.0423782 [s]
 Initial cost : 0.884253 [px]
   Final cost : 0.880501 [px]
  Termination : Convergence

  => Merged observations: 7
  => Completed observations: 47
  => Filtered observations: 5
  => Changed observations: 0.003361

==============================================================================
Registering image #58 (41)
==============================================================================

  => Image sees 2311 / 2624 points

Pose refinement report
----------------------
    Residuals : 6622
   Parameters : 6
   Iterations : 8
         Time : 0.0319149 [s]
 Initial cost : 0.647964 [px]
   Final cost : 0.635719 [px]
  Termination : Convergence

  => Continued observations: 2311
  => Added observations: 226

Bundle adjustment report
------------------------
    Residuals : 33910
   Parameters : 1940
   Iterations : 5
         Time : 0.108677 [s]
 Initial cost : 0.653387 [px]
   Final cost : 0.649961 [px]
  Termination : Convergence

  => Merged observations: 472
  => Completed observations: 125
  => Filtered observations: 152
  => Changed observations: 0.038242

Bundle adjustment report
------------------------
    Residuals : 33756
   Parameters : 1916
   Iterations : 2
         Time : 0.0474918 [s]
 Initial cost : 0.847656 [px]
   Final cost : 0.843408 [px]
  Termination : Convergence

  => Merged observations: 58
  => Completed observations: 41
  => Filtered observations: 3
  => Changed observations: 0.005245

==============================================================================
Retriangulation
==============================================================================

  => Completed observations: 148
  => Merged observations: 1501
  => Retriangulated observations: 0

==============================================================================
Global bundle adjustment
==============================================================================

iter      cost      cost_change  |gradient|   |step|    tr_ratio  tr_radius  ls_iter  iter_time  total_time
   0  1.274089e+05    0.00e+00    1.04e+04   0.00e+00   0.00e+00  1.00e+04        0    4.09e-02    2.61e-01
   1  1.267534e+05    6.56e+02    4.98e+02   2.07e+01   9.99e-01  3.00e+04        1    1.34e-01    3.95e-01
   2  1.267516e+05    1.77e+00    1.10e+03   5.67e+00   1.02e+00  9.00e+04        1    1.32e-01    5.27e-01
   3  1.267513e+05    3.62e-01    1.27e+03   5.50e+00   1.02e+00  2.70e+05        1    1.15e-01    6.42e-01
   4  1.267507e+05    5.27e-01    7.85e+02   1.35e+01   1.00e+00  8.10e+05        1    1.17e-01    7.60e-01
   5  1.267501e+05    6.23e-01    8.81e+01   2.35e+01   9.96e-01  2.43e+06        1    1.22e-01    8.82e-01
   6  1.267498e+05    2.83e-01    1.37e+02   2.16e+01   9.93e-01  7.29e+06        1    1.17e-01    9.99e-01
   7  1.267498e+05    3.65e-02    2.47e+01   8.32e+00   1.02e+00  2.19e+07        1    1.30e-01    1.13e+00
   8  1.267498e+05    9.83e-04    2.00e+00   1.32e+00   1.06e+00  6.56e+07        1    1.24e-01    1.25e+00
   9  1.267498e+05    1.24e-05    2.74e-01   1.31e-01   1.10e+00  1.97e+08        1    1.18e-01    1.37e+00


Bundle adjustment report
------------------------
    Residuals : 204822
   Parameters : 18523
   Iterations : 10
         Time : 1.37998 [s]
 Initial cost : 0.7887 [px]
   Final cost : 0.786657 [px]
  Termination : Convergence

  => Completed observations: 34
  => Merged observations: 103
  => Filtered observations: 72
  => Changed observations: 0.002041

==============================================================================
Global bundle adjustment
==============================================================================

iter      cost      cost_change  |gradient|   |step|    tr_ratio  tr_radius  ls_iter  iter_time  total_time
   0  1.265027e+05    0.00e+00    2.37e+02   0.00e+00   0.00e+00  1.00e+04        0    4.32e-02    2.65e-01
   1  1.264241e+05    7.87e+01    2.66e+01   4.35e+00   1.00e+00  3.00e+04        1    1.23e-01    3.89e-01
   2  1.264240e+05    5.68e-02    4.72e+01   5.77e-01   1.02e+00  9.00e+04        1    1.37e-01    5.26e-01
   3  1.264240e+05    9.00e-03    8.84e+00   6.81e-01   1.07e+00  2.70e+05        1    1.32e-01    6.58e-01
   4  1.264240e+05    4.73e-03    1.44e+01   1.21e+00   1.02e+00  8.10e+05        1    1.21e-01    7.79e-01
   5  1.264240e+05    4.79e-03    8.71e+00   1.98e+00   1.00e+00  2.43e+06        1    1.32e-01    9.11e-01
   6  1.264240e+05    2.11e-03    2.92e+00   1.82e+00   1.01e+00  7.29e+06        1    1.20e-01    1.03e+00
   7  1.264240e+05    2.38e-04    1.77e+00   7.17e-01   1.03e+00  2.19e+07        1    1.27e-01    1.16e+00
   8  1.264240e+05    6.86e-06    3.00e-01   1.17e-01   1.08e+00  6.56e+07        1    1.17e-01    1.28e+00


Bundle adjustment report
------------------------
    Residuals : 204742
   Parameters : 18508
   Iterations : 9
         Time : 1.28071 [s]
 Initial cost : 0.786043 [px]
   Final cost : 0.785799 [px]
  Termination : Convergence

  => Completed observations: 37
  => Merged observations: 152
  => Filtered observations: 21
  => Changed observations: 0.002051

==============================================================================
Global bundle adjustment
==============================================================================

iter      cost      cost_change  |gradient|   |step|    tr_ratio  tr_radius  ls_iter  iter_time  total_time
   0  1.264260e+05    0.00e+00    4.66e+02   0.00e+00   0.00e+00  1.00e+04        0    4.03e-02    2.58e-01
   1  1.263964e+05    2.96e+01    9.75e+00   2.65e+00   9.99e-01  3.00e+04        1    1.26e-01    3.84e-01
   2  1.263964e+05    9.21e-03    1.93e+00   1.96e-01   1.00e+00  9.00e+04        1    1.21e-01    5.05e-01
   3  1.263964e+05    1.27e-03    8.84e-01   3.87e-01   1.01e+00  2.70e+05        1    1.21e-01    6.27e-01


Bundle adjustment report
------------------------
    Residuals : 204774
   Parameters : 18499
   Iterations : 4
         Time : 0.632078 [s]
 Initial cost : 0.785744 [px]
   Final cost : 0.785652 [px]
  Termination : Convergence

  => Completed observations: 11
  => Merged observations: 25
  => Filtered observations: 11
  => Changed observations: 0.000459
  => Filtered images: 0

==============================================================================
Registering image #18 (42)
==============================================================================

  => Image sees 2357 / 2668 points

Pose refinement report
----------------------
    Residuals : 6860
   Parameters : 6
   Iterations : 7
         Time : 0.028161 [s]
 Initial cost : 0.634423 [px]
   Final cost : 0.631475 [px]
  Termination : Convergence

  => Continued observations: 2353
  => Added observations: 132

Bundle adjustment report
------------------------
    Residuals : 34562
   Parameters : 2009
   Iterations : 4
         Time : 0.0908182 [s]
 Initial cost : 0.668978 [px]
   Final cost : 0.666466 [px]
  Termination : Convergence

  => Merged observations: 246
  => Completed observations: 68
  => Filtered observations: 165
  => Changed observations: 0.024051

Bundle adjustment report
------------------------
    Residuals : 34598
   Parameters : 1973
   Iterations : 2
         Time : 0.0486031 [s]
 Initial cost : 0.867956 [px]
   Final cost : 0.864556 [px]
  Termination : Convergence

  => Merged observations: 27
  => Completed observations: 56
  => Filtered observations: 4
  => Changed observations: 0.004393

==============================================================================
Registering image #16 (43)
==============================================================================

  => Image sees 2464 / 3046 points

Pose refinement report
----------------------
    Residuals : 7208
   Parameters : 6
   Iterations : 7
         Time : 0.0300529 [s]
 Initial cost : 0.66798 [px]
   Final cost : 0.61716 [px]
  Termination : Convergence

  => Continued observations: 2460
  => Added observations: 313

Bundle adjustment report
------------------------
    Residuals : 34504
   Parameters : 2099
   Iterations : 4
         Time : 0.0880179 [s]
 Initial cost : 0.663527 [px]
   Final cost : 0.660216 [px]
  Termination : Convergence

  => Merged observations: 286
  => Completed observations: 104
  => Filtered observations: 155
  => Changed observations: 0.027869

Bundle adjustment report
------------------------
    Residuals : 34818
   Parameters : 2087
   Iterations : 2
         Time : 0.0481391 [s]
 Initial cost : 0.85802 [px]
   Final cost : 0.854483 [px]
  Termination : Convergence

  => Merged observations: 33
  => Completed observations: 43
  => Filtered observations: 3
  => Changed observations: 0.004042

==============================================================================
Registering image #115 (44)
==============================================================================

  => Image sees 2196 / 2443 points

Pose refinement report
----------------------
    Residuals : 6120
   Parameters : 6
   Iterations : 12
         Time : 0.0434771 [s]
 Initial cost : 0.754517 [px]
   Final cost : 0.668312 [px]
  Termination : Convergence

  => Continued observations: 2163
  => Added observations: 214

Bundle adjustment report
------------------------
    Residuals : 31794
   Parameters : 1469
   Iterations : 5
         Time : 0.10369 [s]
 Initial cost : 0.678392 [px]
   Final cost : 0.674824 [px]
  Termination : Convergence

  => Merged observations: 138
  => Completed observations: 119
  => Filtered observations: 236
  => Changed observations: 0.026647

Bundle adjustment report
------------------------
    Residuals : 31852
   Parameters : 1454
   Iterations : 2
         Time : 0.0429201 [s]
 Initial cost : 0.861176 [px]
   Final cost : 0.857021 [px]
  Termination : Convergence

  => Merged observations: 76
  => Completed observations: 51
  => Filtered observations: 6
  => Changed observations: 0.007220

==============================================================================
Registering image #2 (45)
==============================================================================

  => Image sees 2230 / 2395 points

Pose refinement report
----------------------
    Residuals : 6504
   Parameters : 6
   Iterations : 8
         Time : 0.0307701 [s]
 Initial cost : 0.654607 [px]
   Final cost : 0.62779 [px]
  Termination : Convergence

  => Continued observations: 2230
  => Added observations: 207

Bundle adjustment report
------------------------
    Residuals : 32692
   Parameters : 1658
   Iterations : 4
         Time : 0.0850711 [s]
 Initial cost : 0.665001 [px]
   Final cost : 0.662564 [px]
  Termination : Convergence

  => Merged observations: 700
  => Completed observations: 95
  => Filtered observations: 142
  => Changed observations: 0.050550

Bundle adjustment report
------------------------
    Residuals : 32240
   Parameters : 1616
   Iterations : 2
         Time : 0.0424919 [s]
 Initial cost : 0.870264 [px]
   Final cost : 0.867561 [px]
  Termination : Convergence

  => Merged observations: 55
  => Completed observations: 46
  => Filtered observations: 2
  => Changed observations: 0.005587

==============================================================================
Registering image #106 (46)
==============================================================================

  => Image sees 2390 / 2558 points

Pose refinement report
----------------------
    Residuals : 6952
   Parameters : 6
   Iterations : 8
         Time : 0.033149 [s]
 Initial cost : 0.672315 [px]
   Final cost : 0.637782 [px]
  Termination : Convergence

  => Continued observations: 2387
  => Added observations: 163

Bundle adjustment report
------------------------
    Residuals : 34302
   Parameters : 1502
   Iterations : 4
         Time : 0.0881062 [s]
 Initial cost : 0.654146 [px]
   Final cost : 0.650577 [px]
  Termination : Convergence

  => Merged observations: 238
  => Completed observations: 92
  => Filtered observations: 207
  => Changed observations: 0.027060

Bundle adjustment report
------------------------
    Residuals : 33706
   Parameters : 1481
   Iterations : 2
         Time : 0.047868 [s]
 Initial cost : 0.838823 [px]
   Final cost : 0.836089 [px]
  Termination : Convergence

  => Merged observations: 47
  => Completed observations: 38
  => Filtered observations: 4
  => Changed observations: 0.004518

==============================================================================
Retriangulation
==============================================================================

  => Completed observations: 242
  => Merged observations: 1455
  => Retriangulated observations: 0

==============================================================================
Global bundle adjustment
==============================================================================

iter      cost      cost_change  |gradient|   |step|    tr_ratio  tr_radius  ls_iter  iter_time  total_time
   0  1.446062e+05    0.00e+00    2.26e+04   0.00e+00   0.00e+00  1.00e+04        0    4.36e-02    3.03e-01
   1  1.437366e+05    8.70e+02    1.64e+02   1.79e+01   1.00e+00  3.00e+04        1    1.47e-01    4.51e-01
   2  1.437336e+05    2.97e+00    3.49e+03   5.80e+00   1.02e+00  9.00e+04        1    1.40e-01    5.90e-01
   3  1.437331e+05    5.47e-01    2.10e+03   2.42e+00   1.07e+00  2.70e+05        1    1.40e-01    7.31e-01
   4  1.437330e+05    7.50e-02    5.55e+02   2.00e+00   1.09e+00  8.10e+05        1    1.31e-01    8.61e-01
   5  1.437330e+05    2.25e-02    1.38e+02   3.87e+00   1.02e+00  2.43e+06        1    1.33e-01    9.95e-01
   6  1.437330e+05    9.37e-03    1.84e+01   3.80e+00   1.01e+00  7.29e+06        1    1.37e-01    1.13e+00
   7  1.437330e+05    1.14e-03    2.00e+00   1.58e+00   1.03e+00  2.19e+07        1    1.39e-01    1.27e+00
   8  1.437330e+05    3.31e-05    2.99e-01   2.65e-01   1.07e+00  6.56e+07        1    1.40e-01    1.41e+00


Bundle adjustment report
------------------------
    Residuals : 230010
   Parameters : 19270
   Iterations : 9
         Time : 1.41726 [s]
 Initial cost : 0.792903 [px]
   Final cost : 0.790505 [px]
  Termination : Convergence

  => Completed observations: 41
  => Merged observations: 606
  => Filtered observations: 83
  => Changed observations: 0.006348

==============================================================================
Global bundle adjustment
==============================================================================

iter      cost      cost_change  |gradient|   |step|    tr_ratio  tr_radius  ls_iter  iter_time  total_time
   0  1.444584e+05    0.00e+00    2.64e+02   0.00e+00   0.00e+00  1.00e+04        0    5.04e-02    2.98e-01
   1  1.443427e+05    1.16e+02    5.11e+01   2.94e+00   1.00e+00  3.00e+04        1    1.46e-01    4.44e-01
   2  1.443427e+05    4.66e-02    1.34e+01   4.42e-01   1.01e+00  9.00e+04        1    1.41e-01    5.85e-01
   3  1.443427e+05    1.29e-03    8.11e+00   1.18e-01   1.08e+00  2.70e+05        1    1.44e-01    7.30e-01
   4  1.443427e+05    1.21e-04    2.00e+00   3.87e-02   1.14e+00  8.10e+05        1    1.52e-01    8.82e-01
   5  1.443427e+05    6.24e-06    3.70e-01   8.31e-03   1.17e+00  2.43e+06        1    1.45e-01    1.03e+00


Bundle adjustment report
------------------------
    Residuals : 229924
   Parameters : 19228
   Iterations : 6
         Time : 1.03266 [s]
 Initial cost : 0.792646 [px]
   Final cost : 0.792328 [px]
  Termination : Convergence

  => Completed observations: 39
  => Merged observations: 180
  => Filtered observations: 38
  => Changed observations: 0.002236

==============================================================================
Global bundle adjustment
==============================================================================

iter      cost      cost_change  |gradient|   |step|    tr_ratio  tr_radius  ls_iter  iter_time  total_time
   0  1.442914e+05    0.00e+00    1.70e+03   0.00e+00   0.00e+00  1.00e+04        0    5.02e-02    3.02e-01
   1  1.442315e+05    5.99e+01    3.67e+01   3.19e+00   1.00e+00  3.00e+04        1    1.44e-01    4.46e-01
   2  1.442315e+05    2.16e-02    2.00e+00   2.48e-01   1.00e+00  9.00e+04        1    1.38e-01    5.84e-01
   3  1.442315e+05    9.85e-04    1.67e+00   1.77e-01   1.05e+00  2.70e+05        1    1.53e-01    7.37e-01
   4  1.442315e+05    9.65e-04    1.53e+00   4.84e-01   1.01e+00  8.10e+05        1    1.45e-01    8.82e-01
   5  1.442315e+05    1.16e-03    2.00e+00   8.80e-01   1.00e+00  2.43e+06        1    1.36e-01    1.02e+00
   6  1.442315e+05    5.70e-04    1.99e+00   8.68e-01   1.01e+00  7.29e+06        1    1.30e-01    1.15e+00
   7  1.442315e+05    7.27e-05    9.84e-01   3.71e-01   1.03e+00  2.19e+07        1    1.31e-01    1.28e+00


Bundle adjustment report
------------------------
    Residuals : 229926
   Parameters : 19207
   Iterations : 8
         Time : 1.28492 [s]
 Initial cost : 0.792184 [px]
   Final cost : 0.79202 [px]
  Termination : Convergence

  => Completed observations: 15
  => Merged observations: 89
  => Filtered observations: 17
  => Changed observations: 0.001053

==============================================================================
Global bundle adjustment
==============================================================================

iter      cost      cost_change  |gradient|   |step|    tr_ratio  tr_radius  ls_iter  iter_time  total_time
   0  1.442393e+05    0.00e+00    1.18e+03   0.00e+00   0.00e+00  1.00e+04        0    4.43e-02    2.94e-01
   1  1.442218e+05    1.74e+01    6.55e+00   7.96e-01   1.00e+00  3.00e+04        1    1.46e-01    4.41e-01
   2  1.442218e+05    3.48e-03    8.23e-01   9.90e-02   1.00e+00  9.00e+04        1    1.43e-01    5.84e-01


Bundle adjustment report
------------------------
    Residuals : 229922
   Parameters : 19204
   Iterations : 3
         Time : 0.591924 [s]
 Initial cost : 0.792048 [px]
   Final cost : 0.792 [px]
  Termination : Convergence

  => Completed observations: 8
  => Merged observations: 17
  => Filtered observations: 8
  => Changed observations: 0.000287
  => Filtered images: 0

==============================================================================
Registering image #95 (47)
==============================================================================

  => Image sees 2144 / 2385 points

Pose refinement report
----------------------
    Residuals : 5932
   Parameters : 6
   Iterations : 10
         Time : 0.0340772 [s]
 Initial cost : 0.708906 [px]
   Final cost : 0.668707 [px]
  Termination : Convergence

  => Continued observations: 2090
  => Added observations: 161

Bundle adjustment report
------------------------
    Residuals : 34100
   Parameters : 1745
   Iterations : 5
         Time : 0.1101 [s]
 Initial cost : 0.676918 [px]
   Final cost : 0.673894 [px]
  Termination : Convergence

  => Merged observations: 118
  => Completed observations: 67
  => Filtered observations: 270
  => Changed observations: 0.023153

Bundle adjustment report
------------------------
    Residuals : 33598
   Parameters : 1715
   Iterations : 2
         Time : 0.045068 [s]
 Initial cost : 0.854611 [px]
   Final cost : 0.851487 [px]
  Termination : Convergence

  => Merged observations: 45
  => Completed observations: 70
  => Filtered observations: 5
  => Changed observations: 0.006174

==============================================================================
Registering image #39 (48)
==============================================================================

  => Image sees 2159 / 2296 points

Pose refinement report
----------------------
    Residuals : 6612
   Parameters : 6
   Iterations : 7
         Time : 0.0276289 [s]
 Initial cost : 0.675857 [px]
   Final cost : 0.671134 [px]
  Termination : Convergence

  => Continued observations: 2153
  => Added observations: 142

Bundle adjustment report
------------------------
    Residuals : 31628
   Parameters : 1430
   Iterations : 5
         Time : 0.102378 [s]
 Initial cost : 0.674513 [px]
   Final cost : 0.671413 [px]
  Termination : Convergence

  => Merged observations: 396
  => Completed observations: 72
  => Filtered observations: 208
  => Changed observations: 0.036669

Bundle adjustment report
------------------------
    Residuals : 31812
   Parameters : 1403
   Iterations : 2
         Time : 0.043314 [s]
 Initial cost : 0.861184 [px]
   Final cost : 0.858271 [px]
  Termination : Convergence

  => Merged observations: 31
  => Completed observations: 33
  => Filtered observations: 5
  => Changed observations: 0.003770

==============================================================================
Registering image #123 (49)
==============================================================================

  => Image sees 2062 / 2139 points

Pose refinement report
----------------------
    Residuals : 6068
   Parameters : 6
   Iterations : 9
         Time : 0.0325701 [s]
 Initial cost : 0.753072 [px]
   Final cost : 0.657428 [px]
  Termination : Convergence

  => Continued observations: 2052
  => Added observations: 114

Bundle adjustment report
------------------------
    Residuals : 31990
   Parameters : 1274
   Iterations : 5
         Time : 0.111712 [s]
 Initial cost : 0.668461 [px]
   Final cost : 0.665238 [px]
  Termination : Convergence

  => Merged observations: 114
  => Completed observations: 112
  => Filtered observations: 227
  => Changed observations: 0.024018

Bundle adjustment report
------------------------
    Residuals : 31672
   Parameters : 1253
   Iterations : 2
         Time : 0.0446379 [s]
 Initial cost : 0.850531 [px]
   Final cost : 0.847437 [px]
  Termination : Convergence

  => Merged observations: 54
  => Completed observations: 41
  => Filtered observations: 6
  => Changed observations: 0.005401

==============================================================================
Registering image #32 (50)
==============================================================================

  => Image sees 2483 / 3153 points

Pose refinement report
----------------------
    Residuals : 7266
   Parameters : 6
   Iterations : 7
         Time : 0.0304141 [s]
 Initial cost : 0.640502 [px]
   Final cost : 0.622094 [px]
  Termination : Convergence

  => Continued observations: 2478
  => Added observations: 176

Bundle adjustment report
------------------------
    Residuals : 32834
   Parameters : 1646
   Iterations : 5
         Time : 0.106085 [s]
 Initial cost : 0.676626 [px]
   Final cost : 0.673894 [px]
  Termination : Convergence

  => Merged observations: 172
  => Completed observations: 147
  => Filtered observations: 137
  => Changed observations: 0.023916

Bundle adjustment report
------------------------
    Residuals : 32644
   Parameters : 1586
   Iterations : 3
         Time : 0.0693791 [s]
 Initial cost : 0.869562 [px]
   Final cost : 0.866687 [px]
  Termination : Convergence

  => Merged observations: 27
  => Completed observations: 33
  => Filtered observations: 5
  => Changed observations: 0.003505

==============================================================================
Registering image #38 (51)
==============================================================================

  => Image sees 1948 / 2185 points

Pose refinement report
----------------------
    Residuals : 6080
   Parameters : 6
   Iterations : 11
         Time : 0.0394249 [s]
 Initial cost : 0.689909 [px]
   Final cost : 0.672381 [px]
  Termination : Convergence

  => Continued observations: 1940
  => Added observations: 216

Bundle adjustment report
------------------------
    Residuals : 31182
   Parameters : 1559
   Iterations : 6
         Time : 0.119731 [s]
 Initial cost : 0.690559 [px]
   Final cost : 0.687602 [px]
  Termination : Convergence

  => Merged observations: 672
  => Completed observations: 123
  => Filtered observations: 174
  => Changed observations: 0.053102

Bundle adjustment report
------------------------
    Residuals : 31650
   Parameters : 1508
   Iterations : 2
         Time : 0.0443201 [s]
 Initial cost : 0.888911 [px]
   Final cost : 0.885804 [px]
  Termination : Convergence

  => Merged observations: 0
  => Completed observations: 34
  => Filtered observations: 5
  => Changed observations: 0.002156

==============================================================================
Retriangulation
==============================================================================

  => Completed observations: 274
  => Merged observations: 2503
  => Retriangulated observations: 0

==============================================================================
Global bundle adjustment
==============================================================================

iter      cost      cost_change  |gradient|   |step|    tr_ratio  tr_radius  ls_iter  iter_time  total_time
   0  1.635843e+05    0.00e+00    5.97e+03   0.00e+00   0.00e+00  1.00e+04        0    5.89e-02    3.91e-01

CHOLMOD version 3.0.14, Oct 22, 2019: Symbolic Analysis: status: OK
  Architecture: Linux
    sizeof(int):      4
    sizeof(SuiteSparse_long):  8
    sizeof(void *):   8
    sizeof(double):   8
    sizeof(Int):      4 (CHOLMOD's basic integer)
    sizeof(BLAS_INT): 4 (integer used in the BLAS)
  Results from most recent analysis:
    Cholesky flop count: 9.1357e+06
    Nonzeros in L:       45451
  memory blocks in use:          11
  memory in use (MB):           0.0
  peak memory usage (MB):       0.2
  maxrank:    update/downdate rank:   8
  supernodal control: 1 40 (supernodal if flops/lnz >= 40)
  nmethods:   number of ordering methods to try: 1
    method 0: natural
        flop count: 9.1357e+06
        nnz(L):     45451
  OK
   1  1.627358e+05    8.49e+02    7.22e+03   2.28e+01   9.97e-01  3.00e+04        1    4.93e-01    8.84e-01
   2  1.627259e+05    9.89e+00    1.21e+04   9.83e+00   1.00e+00  9.00e+04        1    2.10e-01    1.09e+00
   3  1.627236e+05    2.26e+00    5.36e+03   5.25e+00   1.06e+00  2.70e+05        1    2.00e-01    1.30e+00
   4  1.627233e+05    2.87e-01    9.96e+00   3.70e+00   1.10e+00  8.10e+05        1    2.00e-01    1.50e+00
   5  1.627233e+05    4.61e-02    3.09e+02   4.99e+00   1.04e+00  2.43e+06        1    1.97e-01    1.69e+00
   6  1.627233e+05    1.88e-02    7.98e+01   4.96e+00   1.01e+00  7.29e+06        1    1.96e-01    1.89e+00
   7  1.627233e+05    2.57e-03    8.37e+00   2.22e+00   1.02e+00  2.19e+07        1    1.95e-01    2.08e+00
   8  1.627233e+05    8.29e-05    1.24e+00   4.01e-01   1.06e+00  6.56e+07        1    1.92e-01    2.28e+00
   9  1.627233e+05    1.11e-06    1.44e-01   3.84e-02   1.09e+00  1.97e+08        1    1.84e-01    2.46e+00


Bundle adjustment report
------------------------
    Residuals : 252854
   Parameters : 19792
   Iterations : 10
         Time : 2.46693 [s]
 Initial cost : 0.804333 [px]
   Final cost : 0.802213 [px]
  Termination : Convergence

  => Completed observations: 40
  => Merged observations: 222
  => Filtered observations: 99
  => Changed observations: 0.002855

==============================================================================
Global bundle adjustment
==============================================================================

iter      cost      cost_change  |gradient|   |step|    tr_ratio  tr_radius  ls_iter  iter_time  total_time
   0  1.623163e+05    0.00e+00    3.09e+03   0.00e+00   0.00e+00  1.00e+04        0    5.89e-02    3.71e-01

CHOLMOD version 3.0.14, Oct 22, 2019: Symbolic Analysis: status: OK
  Architecture: Linux
    sizeof(int):      4
    sizeof(SuiteSparse_long):  8
    sizeof(void *):   8
    sizeof(double):   8
    sizeof(Int):      4 (CHOLMOD's basic integer)
    sizeof(BLAS_INT): 4 (integer used in the BLAS)
  Results from most recent analysis:
    Cholesky flop count: 9.1357e+06
    Nonzeros in L:       45451
  memory blocks in use:          11
  memory in use (MB):           0.0
  peak memory usage (MB):       0.2
  maxrank:    update/downdate rank:   8
  supernodal control: 1 40 (supernodal if flops/lnz >= 40)
  nmethods:   number of ordering methods to try: 1
    method 0: natural
        flop count: 9.1357e+06
        nnz(L):     45451
  OK
   1  1.622265e+05    8.98e+01    1.03e+01   5.22e+00   1.00e+00  3.00e+04        1    4.84e-01    8.55e-01
   2  1.622264e+05    1.87e-01    7.97e+01   1.71e+00   1.01e+00  9.00e+04        1    2.00e-01    1.06e+00
   3  1.622263e+05    1.50e-02    2.54e+01   6.33e-01   1.07e+00  2.70e+05        1    1.96e-01    1.25e+00
   4  1.622263e+05    4.05e-03    1.20e+01   8.89e-01   1.04e+00  8.10e+05        1    1.82e-01    1.43e+00
   5  1.622263e+05    3.85e-03    8.95e+00   1.53e+00   1.00e+00  2.43e+06        1    1.88e-01    1.62e+00
   6  1.622263e+05    2.02e-03    3.21e+00   1.57e+00   1.01e+00  7.29e+06        1    1.86e-01    1.81e+00
   7  1.622263e+05    2.84e-04    1.84e+00   7.12e-01   1.02e+00  2.19e+07        1    2.01e-01    2.01e+00
   8  1.622263e+05    9.21e-06    3.60e-01   1.29e-01   1.06e+00  6.56e+07        1    2.11e-01    2.22e+00


Bundle adjustment report
------------------------
    Residuals : 252694
   Parameters : 19756
   Iterations : 9
         Time : 2.2256 [s]
 Initial cost : 0.801463 [px]
   Final cost : 0.801241 [px]
  Termination : Convergence

  => Completed observations: 53
  => Merged observations: 156
  => Filtered observations: 27
  => Changed observations: 0.001868

==============================================================================
Global bundle adjustment
==============================================================================

iter      cost      cost_change  |gradient|   |step|    tr_ratio  tr_radius  ls_iter  iter_time  total_time
   0  1.622340e+05    0.00e+00    1.01e+03   0.00e+00   0.00e+00  1.00e+04        0    5.84e-02    4.44e-01

CHOLMOD version 3.0.14, Oct 22, 2019: Symbolic Analysis: status: OK
  Architecture: Linux
    sizeof(int):      4
    sizeof(SuiteSparse_long):  8
    sizeof(void *):   8
    sizeof(double):   8
    sizeof(Int):      4 (CHOLMOD's basic integer)
    sizeof(BLAS_INT): 4 (integer used in the BLAS)
  Results from most recent analysis:
    Cholesky flop count: 9.1357e+06
    Nonzeros in L:       45451
  memory blocks in use:          11
  memory in use (MB):           0.0
  peak memory usage (MB):       0.2
  maxrank:    update/downdate rank:   8
  supernodal control: 1 40 (supernodal if flops/lnz >= 40)
  nmethods:   number of ordering methods to try: 1
    method 0: natural
        flop count: 9.1357e+06
        nnz(L):     45451
  OK
   1  1.621795e+05    5.45e+01    1.78e+01   3.22e+00   1.00e+00  3.00e+04        1    4.84e-01    9.28e-01
   2  1.621794e+05    5.73e-02    1.95e+00   1.11e+00   1.00e+00  9.00e+04        1    1.95e-01    1.12e+00
   3  1.621794e+05    1.95e-03    5.54e-01   3.44e-01   1.00e+00  2.70e+05        1    1.91e-01    1.31e+00


Bundle adjustment report
------------------------
    Residuals : 252746
   Parameters : 19744
   Iterations : 4
         Time : 1.32251 [s]
 Initial cost : 0.801178 [px]
   Final cost : 0.801043 [px]
  Termination : Convergence

  => Completed observations: 17
  => Merged observations: 70
  => Filtered observations: 9
  => Changed observations: 0.000760

==============================================================================
Global bundle adjustment
==============================================================================

iter      cost      cost_change  |gradient|   |step|    tr_ratio  tr_radius  ls_iter  iter_time  total_time
   0  1.621835e+05    0.00e+00    7.71e+02   0.00e+00   0.00e+00  1.00e+04        0    4.92e-02    3.53e-01

CHOLMOD version 3.0.14, Oct 22, 2019: Symbolic Analysis: status: OK
  Architecture: Linux
    sizeof(int):      4
    sizeof(SuiteSparse_long):  8
    sizeof(void *):   8
    sizeof(double):   8
    sizeof(Int):      4 (CHOLMOD's basic integer)
    sizeof(BLAS_INT): 4 (integer used in the BLAS)
  Results from most recent analysis:
    Cholesky flop count: 9.1357e+06
    Nonzeros in L:       45451
  memory blocks in use:          11
  memory in use (MB):           0.0
  peak memory usage (MB):       0.2
  maxrank:    update/downdate rank:   8
  supernodal control: 1 40 (supernodal if flops/lnz >= 40)
  nmethods:   number of ordering methods to try: 1
    method 0: natural
        flop count: 9.1357e+06
        nnz(L):     45451
  OK
   1  1.621640e+05    1.95e+01    3.53e+00   1.56e+00   1.00e+00  3.00e+04        1    4.86e-01    8.39e-01
   2  1.621640e+05    1.19e-02    1.60e+00   1.80e-01   1.00e+00  9.00e+04        1    1.93e-01    1.03e+00
   3  1.621640e+05    1.59e-03    1.86e+00   3.26e-01   1.01e+00  2.70e+05        1    1.86e-01    1.22e+00
   4  1.621640e+05    3.00e-03    2.00e+00   8.39e-01   1.00e+00  8.10e+05        1    1.90e-01    1.41e+00
   5  1.621640e+05    3.99e-03    1.98e+00   1.55e+00   1.00e+00  2.43e+06        1    1.87e-01    1.60e+00
   6  1.621640e+05    2.14e-03    2.00e+00   1.61e+00   1.01e+00  7.29e+06        1    1.90e-01    1.79e+00
   7  1.621640e+05    3.02e-04    1.92e+00   7.35e-01   1.02e+00  2.19e+07        1    1.89e-01    1.98e+00
   8  1.621640e+05    9.82e-06    3.73e-01   1.34e-01   1.06e+00  6.56e+07        1    1.88e-01    2.16e+00


Bundle adjustment report
------------------------
    Residuals : 252762
   Parameters : 19738
   Iterations : 9
         Time : 2.17196 [s]
 Initial cost : 0.801027 [px]
   Final cost : 0.800979 [px]
  Termination : Convergence

  => Completed observations: 3
  => Merged observations: 46
  => Filtered observations: 6
  => Changed observations: 0.000435
  => Filtered images: 0

==============================================================================
Registering image #6 (52)
==============================================================================

  => Image sees 2304 / 2569 points

Pose refinement report
----------------------
    Residuals : 6716
   Parameters : 6
   Iterations : 7
         Time : 0.027117 [s]
 Initial cost : 0.663231 [px]
   Final cost : 0.609332 [px]
  Termination : Convergence

  => Continued observations: 2304
  => Added observations: 143

Bundle adjustment report
------------------------
    Residuals : 33430
   Parameters : 1766
   Iterations : 4
         Time : 0.0899189 [s]
 Initial cost : 0.665558 [px]
   Final cost : 0.663288 [px]
  Termination : Convergence

  => Merged observations: 178
  => Completed observations: 49
  => Filtered observations: 124
  => Changed observations: 0.018556

Bundle adjustment report
------------------------
    Residuals : 33248
   Parameters : 1745
   Iterations : 2
         Time : 0.0460021 [s]
 Initial cost : 0.868085 [px]
   Final cost : 0.86515 [px]
  Termination : Convergence

  => Merged observations: 28
  => Completed observations: 39
  => Filtered observations: 1
  => Changed observations: 0.003612

==============================================================================
Registering image #84 (53)
==============================================================================

  => Image sees 1980 / 2327 points

Pose refinement report
----------------------
    Residuals : 5134
   Parameters : 6
   Iterations : 11
         Time : 0.0333931 [s]
 Initial cost : 0.737914 [px]
   Final cost : 0.717127 [px]
  Termination : Convergence

  => Continued observations: 1880
  => Added observations: 263

Bundle adjustment report
------------------------
    Residuals : 31032
   Parameters : 1301
   Iterations : 8
         Time : 0.176957 [s]
 Initial cost : 0.693796 [px]
   Final cost : 0.687559 [px]
  Termination : Convergence

  => Merged observations: 65
  => Completed observations: 78
  => Filtered observations: 382
  => Changed observations: 0.029361

Bundle adjustment report
------------------------
    Residuals : 30610
   Parameters : 1280
   Iterations : 2
         Time : 0.046505 [s]
 Initial cost : 0.851014 [px]
   Final cost : 0.846636 [px]
  Termination : Convergence

  => Merged observations: 90
  => Completed observations: 54
  => Filtered observations: 2
  => Changed observations: 0.008263

==============================================================================
Registering image #25 (54)
==============================================================================

  => Image sees 2090 / 2478 points

Pose refinement report
----------------------
    Residuals : 6262
   Parameters : 6
   Iterations : 8
         Time : 0.0294161 [s]
 Initial cost : 0.649853 [px]
   Final cost : 0.645574 [px]
  Termination : Convergence

  => Continued observations: 2082
  => Added observations: 221

Bundle adjustment report
------------------------
    Residuals : 30356
   Parameters : 1412
   Iterations : 5
         Time : 0.105962 [s]
 Initial cost : 0.684605 [px]
   Final cost : 0.681804 [px]
  Termination : Convergence

  => Merged observations: 476
  => Completed observations: 122
  => Filtered observations: 162
  => Changed observations: 0.043862

Bundle adjustment report
------------------------
    Residuals : 30078
   Parameters : 1394
   Iterations : 2
         Time : 0.0418839 [s]
 Initial cost : 0.898872 [px]
   Final cost : 0.895495 [px]
  Termination : Convergence

  => Merged observations: 98
  => Completed observations: 55
  => Filtered observations: 2
  => Changed observations: 0.008877

==============================================================================
Registering image #31 (55)
==============================================================================

  => Image sees 2359 / 2985 points

Pose refinement report
----------------------
    Residuals : 6792
   Parameters : 6
   Iterations : 8
         Time : 0.0317059 [s]
 Initial cost : 0.666362 [px]
   Final cost : 0.629168 [px]
  Termination : Convergence

  => Continued observations: 2351
  => Added observations: 174

Bundle adjustment report
------------------------
    Residuals : 32438
   Parameters : 1640
   Iterations : 5
         Time : 0.109644 [s]
 Initial cost : 0.678201 [px]
   Final cost : 0.675279 [px]
  Termination : Convergence

  => Merged observations: 332
  => Completed observations: 112
  => Filtered observations: 156
  => Changed observations: 0.032187

Bundle adjustment report
------------------------
    Residuals : 32202
   Parameters : 1607
   Iterations : 2
         Time : 0.0457821 [s]
 Initial cost : 0.881876 [px]
   Final cost : 0.878325 [px]
  Termination : Convergence

  => Merged observations: 42
  => Completed observations: 40
  => Filtered observations: 5
  => Changed observations: 0.004739

==============================================================================
Registering image #122 (56)
==============================================================================

  => Image sees 1866 / 1930 points

Pose refinement report
----------------------
    Residuals : 5944
   Parameters : 6
   Iterations : 11
         Time : 0.0386791 [s]
 Initial cost : 0.75832 [px]
   Final cost : 0.674508 [px]
  Termination : Convergence

  => Continued observations: 1866
  => Added observations: 111

Bundle adjustment report
------------------------
    Residuals : 27640
   Parameters : 833
   Iterations : 5
         Time : 0.093184 [s]
 Initial cost : 0.700291 [px]
   Final cost : 0.698365 [px]
  Termination : Convergence

  => Merged observations: 192
  => Completed observations: 94
  => Filtered observations: 146
  => Changed observations: 0.026578

Bundle adjustment report
------------------------
    Residuals : 27544
   Parameters : 827
   Iterations : 2
         Time : 0.0384228 [s]
 Initial cost : 0.911442 [px]
   Final cost : 0.908762 [px]
  Termination : Convergence

  => Merged observations: 0
  => Completed observations: 20
  => Filtered observations: 0
  => Changed observations: 0.001235

==============================================================================
Registering image #86 (57)
==============================================================================

  => Image sees 1962 / 2094 points

Pose refinement report
----------------------
    Residuals : 6158
   Parameters : 6
   Iterations : 7
         Time : 0.0252988 [s]
 Initial cost : 0.701495 [px]
   Final cost : 0.69295 [px]
  Termination : Convergence

  => Continued observations: 1935
  => Added observations: 182

Bundle adjustment report
------------------------
    Residuals : 30780
   Parameters : 1175
   Iterations : 6
         Time : 0.12133 [s]
 Initial cost : 0.671851 [px]
   Final cost : 0.666801 [px]
  Termination : Convergence

  => Merged observations: 369
  => Completed observations: 80
  => Filtered observations: 256
  => Changed observations: 0.039651

Bundle adjustment report
------------------------
    Residuals : 29764
   Parameters : 1166
   Iterations : 3
         Time : 0.0709641 [s]
 Initial cost : 0.856176 [px]
   Final cost : 0.852809 [px]
  Termination : Convergence

  => Merged observations: 8
  => Completed observations: 46
  => Filtered observations: 4
  => Changed observations: 0.003294

==============================================================================
Retriangulation
==============================================================================

  => Completed observations: 313
  => Merged observations: 2016
  => Retriangulated observations: 0

==============================================================================
Global bundle adjustment
==============================================================================

iter      cost      cost_change  |gradient|   |step|    tr_ratio  tr_radius  ls_iter  iter_time  total_time
   0  1.832816e+05    0.00e+00    2.47e+04   0.00e+00   0.00e+00  1.00e+04        0    6.59e-02    4.24e-01

CHOLMOD version 3.0.14, Oct 22, 2019: Symbolic Analysis: status: OK
  Architecture: Linux
    sizeof(int):      4
    sizeof(SuiteSparse_long):  8
    sizeof(void *):   8
    sizeof(double):   8
    sizeof(Int):      4 (CHOLMOD's basic integer)
    sizeof(BLAS_INT): 4 (integer used in the BLAS)
  Results from most recent analysis:
    Cholesky flop count: 1.2814e+07
    Nonzeros in L:       56953
  memory blocks in use:          11
  memory in use (MB):           0.0
  peak memory usage (MB):       0.2
  maxrank:    update/downdate rank:   8
  supernodal control: 1 40 (supernodal if flops/lnz >= 40)
  nmethods:   number of ordering methods to try: 1
    method 0: natural
        flop count: 1.2814e+07
        nnz(L):     56953
  OK
   1  1.821736e+05    1.11e+03    5.62e+02   2.13e+01   1.00e+00  3.00e+04        1    5.78e-01    1.00e+00
   2  1.821721e+05    1.53e+00    2.59e+02   4.71e+00   1.02e+00  9.00e+04        1    2.30e-01    1.23e+00
   3  1.821720e+05    1.16e-01    2.80e+02   2.78e+00   1.02e+00  2.70e+05        1    2.26e-01    1.46e+00
   4  1.821718e+05    1.95e-01    1.65e+02   6.74e+00   1.00e+00  8.10e+05        1    2.15e-01    1.67e+00
   5  1.821715e+05    2.72e-01    1.75e+01   1.28e+01   1.00e+00  2.43e+06        1    2.24e-01    1.90e+00
   6  1.821714e+05    1.56e-01    9.19e+01   1.38e+01   9.99e-01  7.29e+06        1    2.14e-01    2.11e+00
   7  1.821713e+05    2.51e-02    2.32e+01   6.50e+00   1.02e+00  2.19e+07        1    2.18e-01    2.33e+00
   8  1.821713e+05    8.82e-04    2.00e+00   1.22e+00   1.05e+00  6.56e+07        1    2.19e-01    2.55e+00
   9  1.821713e+05    1.06e-05    2.76e-01   1.17e-01   1.09e+00  1.97e+08        1    2.24e-01    2.77e+00


Bundle adjustment report
------------------------
    Residuals : 279360
   Parameters : 20647
   Iterations : 10
         Time : 2.78144 [s]
 Initial cost : 0.809986 [px]
   Final cost : 0.807529 [px]
  Termination : Convergence

  => Completed observations: 53
  => Merged observations: 389
  => Filtered observations: 115
  => Changed observations: 0.003988

==============================================================================
Global bundle adjustment
==============================================================================

iter      cost      cost_change  |gradient|   |step|    tr_ratio  tr_radius  ls_iter  iter_time  total_time
   0  1.818334e+05    0.00e+00    1.94e+03   0.00e+00   0.00e+00  1.00e+04        0    6.43e-02    4.07e-01

CHOLMOD version 3.0.14, Oct 22, 2019: Symbolic Analysis: status: OK
  Architecture: Linux
    sizeof(int):      4
    sizeof(SuiteSparse_long):  8
    sizeof(void *):   8
    sizeof(double):   8
    sizeof(Int):      4 (CHOLMOD's basic integer)
    sizeof(BLAS_INT): 4 (integer used in the BLAS)
  Results from most recent analysis:
    Cholesky flop count: 1.2814e+07
    Nonzeros in L:       56953
  memory blocks in use:          11
  memory in use (MB):           0.0
  peak memory usage (MB):       0.2
  maxrank:    update/downdate rank:   8
  supernodal control: 1 40 (supernodal if flops/lnz >= 40)
  nmethods:   number of ordering methods to try: 1
    method 0: natural
        flop count: 1.2814e+07
        nnz(L):     56953
  OK
   1  1.817235e+05    1.10e+02    4.70e+01   1.08e+01   9.97e-01  3.00e+04        1    5.72e-01    9.79e-01
   2  1.817230e+05    5.12e-01    8.77e+01   3.39e+00   9.99e-01  9.00e+04        1    2.29e-01    1.21e+00
   3  1.817230e+05    1.41e-02    4.96e+01   4.74e-01   1.05e+00  2.70e+05        1    2.27e-01    1.43e+00
   4  1.817230e+05    1.80e-03    1.67e+01   4.16e-01   1.05e+00  8.10e+05        1    2.28e-01    1.66e+00
   5  1.817230e+05    1.45e-03    4.71e+00   8.32e-01   1.01e+00  2.43e+06        1    2.21e-01    1.88e+00
   6  1.817230e+05    8.15e-04    2.00e+00   9.10e-01   1.01e+00  7.29e+06        1    2.24e-01    2.11e+00
   7  1.817230e+05    1.26e-04    1.00e+00   4.40e-01   1.02e+00  2.19e+07        1    2.15e-01    2.32e+00
   8  1.817230e+05    4.46e-06    8.47e-02   8.47e-02   1.05e+00  6.56e+07        1    2.19e-01    2.54e+00


Bundle adjustment report
------------------------
    Residuals : 279228
   Parameters : 20623
   Iterations : 9
         Time : 2.54929 [s]
 Initial cost : 0.80697 [px]
   Final cost : 0.806725 [px]
  Termination : Convergence

  => Completed observations: 65
  => Merged observations: 104
  => Filtered observations: 32
  => Changed observations: 0.001440

==============================================================================
Global bundle adjustment
==============================================================================

iter      cost      cost_change  |gradient|   |step|    tr_ratio  tr_radius  ls_iter  iter_time  total_time
   0  1.817385e+05    0.00e+00    2.59e+03   0.00e+00   0.00e+00  1.00e+04        0    6.42e-02    4.08e-01

CHOLMOD version 3.0.14, Oct 22, 2019: Symbolic Analysis: status: OK
  Architecture: Linux
    sizeof(int):      4
    sizeof(SuiteSparse_long):  8
    sizeof(void *):   8
    sizeof(double):   8
    sizeof(Int):      4 (CHOLMOD's basic integer)
    sizeof(BLAS_INT): 4 (integer used in the BLAS)
  Results from most recent analysis:
    Cholesky flop count: 1.2814e+07
    Nonzeros in L:       56953
  memory blocks in use:          11
  memory in use (MB):           0.0
  peak memory usage (MB):       0.2
  maxrank:    update/downdate rank:   8
  supernodal control: 1 40 (supernodal if flops/lnz >= 40)
  nmethods:   number of ordering methods to try: 1
    method 0: natural
        flop count: 1.2814e+07
        nnz(L):     56953
  OK
   1  1.816901e+05    4.85e+01    2.55e+01   3.87e+00   1.00e+00  3.00e+04        1    5.76e-01    9.84e-01
   2  1.816900e+05    4.72e-02    1.97e+00   5.64e-01   1.00e+00  9.00e+04        1    2.23e-01    1.21e+00
   3  1.816900e+05    5.06e-04    1.09e+00   1.03e-01   1.02e+00  2.70e+05        1    2.17e-01    1.42e+00
   4  1.816900e+05    1.53e-04    5.91e-01   1.73e-01   1.01e+00  8.10e+05        1    2.27e-01    1.65e+00


Bundle adjustment report
------------------------
    Residuals : 279290
   Parameters : 20614
   Iterations : 5
         Time : 1.6607 [s]
 Initial cost : 0.80667 [px]
   Final cost : 0.806562 [px]
  Termination : Convergence

  => Completed observations: 14
  => Merged observations: 25
  => Filtered observations: 13
  => Changed observations: 0.000372
  => Filtered images: 0

==============================================================================
Registering image #90 (58)
==============================================================================

  => Image sees 1968 / 2152 points

Pose refinement report
----------------------
    Residuals : 5798
   Parameters : 6
   Iterations : 7
         Time : 0.0234768 [s]
 Initial cost : 0.697891 [px]
   Final cost : 0.694502 [px]
  Termination : Convergence

  => Continued observations: 1895
  => Added observations: 126

Bundle adjustment report
------------------------
    Residuals : 32894
   Parameters : 1724
   Iterations : 5
         Time : 0.112074 [s]
 Initial cost : 0.682449 [px]
   Final cost : 0.674919 [px]
  Termination : Convergence

  => Merged observations: 144
  => Completed observations: 49
  => Filtered observations: 335
  => Changed observations: 0.027829

Bundle adjustment report
------------------------
    Residuals : 32328
   Parameters : 1706
   Iterations : 2
         Time : 0.0436671 [s]
 Initial cost : 0.851733 [px]
   Final cost : 0.847032 [px]
  Termination : Convergence

  => Merged observations: 103
  => Completed observations: 71
  => Filtered observations: 9
  => Changed observations: 0.009778

==============================================================================
Registering image #91 (59)
==============================================================================

  => Image sees 2001 / 2163 points

Pose refinement report
----------------------
    Residuals : 5840
   Parameters : 6
   Iterations : 9
         Time : 0.0306962 [s]
 Initial cost : 0.696265 [px]
   Final cost : 0.683731 [px]
  Termination : Convergence

  => Continued observations: 1961
  => Added observations: 143

Bundle adjustment report
------------------------
    Residuals : 30184
   Parameters : 1163
   Iterations : 12
         Time : 0.234669 [s]
 Initial cost : 0.682019 [px]
   Final cost : 0.677152 [px]
  Termination : Convergence

  => Merged observations: 190
  => Completed observations: 87
  => Filtered observations: 281
  => Changed observations: 0.031474

Bundle adjustment report
------------------------
    Residuals : 29748
   Parameters : 1130
   Iterations : 2
         Time : 0.0417922 [s]
 Initial cost : 0.856388 [px]
   Final cost : 0.853079 [px]
  Termination : Convergence

  => Merged observations: 20
  => Completed observations: 40
  => Filtered observations: 3
  => Changed observations: 0.003593

==============================================================================
Registering image #102 (60)
==============================================================================

  => Image sees 1782 / 1899 points

Pose refinement report
----------------------
    Residuals : 5300
   Parameters : 6
   Iterations : 11
         Time : 0.0343339 [s]
 Initial cost : 0.751224 [px]
   Final cost : 0.697743 [px]
  Termination : Convergence

  => Continued observations: 1757
  => Added observations: 180

Bundle adjustment report
------------------------
    Residuals : 28326
   Parameters : 1058
   Iterations : 6
         Time : 0.118876 [s]
 Initial cost : 0.682634 [px]
   Final cost : 0.679734 [px]
  Termination : Convergence

  => Merged observations: 267
  => Completed observations: 102
  => Filtered observations: 252
  => Changed observations: 0.037705

Bundle adjustment report
------------------------
    Residuals : 27510
   Parameters : 1031
   Iterations : 2
         Time : 0.036443 [s]
 Initial cost : 0.8724 [px]
   Final cost : 0.869413 [px]
  Termination : Convergence

  => Merged observations: 28
  => Completed observations: 68
  => Filtered observations: 1
  => Changed observations: 0.005951

==============================================================================
Registering image #116 (61)
==============================================================================

  => Image sees 1840 / 2028 points

Pose refinement report
----------------------
    Residuals : 5274
   Parameters : 6
   Iterations : 9
         Time : 0.027751 [s]
 Initial cost : 0.71919 [px]
   Final cost : 0.708896 [px]
  Termination : Convergence

  => Continued observations: 1785
  => Added observations: 268

Bundle adjustment report
------------------------
    Residuals : 30196
   Parameters : 1277
   Iterations : 5
         Time : 0.104247 [s]
 Initial cost : 0.696303 [px]
   Final cost : 0.692257 [px]
  Termination : Convergence

  => Merged observations: 248
  => Completed observations: 132
  => Filtered observations: 298
  => Changed observations: 0.037698

Bundle adjustment report
------------------------
    Residuals : 29698
   Parameters : 1229
   Iterations : 2
         Time : 0.0407228 [s]
 Initial cost : 0.862353 [px]
   Final cost : 0.858616 [px]
  Termination : Convergence

  => Merged observations: 0
  => Completed observations: 57
  => Filtered observations: 7
  => Changed observations: 0.003683

==============================================================================
Registering image #40 (62)
==============================================================================

  => Image sees 2028 / 2427 points

Pose refinement report
----------------------
    Residuals : 6392
   Parameters : 6
   Iterations : 9
         Time : 0.033478 [s]
 Initial cost : 0.762481 [px]
   Final cost : 0.679503 [px]
  Termination : Convergence

  => Continued observations: 2013
  => Added observations: 336

Bundle adjustment report
------------------------
    Residuals : 32494
   Parameters : 1529
   Iterations : 6
         Time : 0.126274 [s]
 Initial cost : 0.66546 [px]
   Final cost : 0.66111 [px]
  Termination : Convergence

  => Merged observations: 459
  => Completed observations: 138
  => Filtered observations: 192
  => Changed observations: 0.041788

Bundle adjustment report
------------------------
    Residuals : 32314
   Parameters : 1496
   Iterations : 3
         Time : 0.0635061 [s]
 Initial cost : 0.854482 [px]
   Final cost : 0.850455 [px]
  Termination : Convergence

  => Merged observations: 17
  => Completed observations: 46
  => Filtered observations: 3
  => Changed observations: 0.003513

==============================================================================
Registering image #72 (63)
==============================================================================

  => Image sees 1769 / 1971 points

Pose refinement report
----------------------
    Residuals : 5732
   Parameters : 6
   Iterations : 11
         Time : 0.037056 [s]
 Initial cost : 0.765591 [px]
   Final cost : 0.752565 [px]
  Termination : Convergence

  => Continued observations: 1707
  => Added observations: 151

Bundle adjustment report
------------------------
    Residuals : 29382
   Parameters : 809
   Iterations : 10
         Time : 0.196068 [s]
 Initial cost : 0.697335 [px]
   Final cost : 0.693716 [px]
  Termination : Convergence

  => Merged observations: 71
  => Completed observations: 101
  => Filtered observations: 364
  => Changed observations: 0.030868

Bundle adjustment report
------------------------
    Residuals : 28614
   Parameters : 779
   Iterations : 2
         Time : 0.039501 [s]
 Initial cost : 0.865803 [px]
   Final cost : 0.862667 [px]
  Termination : Convergence

  => Merged observations: 68
  => Completed observations: 45
  => Filtered observations: 9
  => Changed observations: 0.007153

==============================================================================
Retriangulation
==============================================================================

  => Completed observations: 441
  => Merged observations: 2166
  => Retriangulated observations: 0

==============================================================================
Global bundle adjustment
==============================================================================

iter      cost      cost_change  |gradient|   |step|    tr_ratio  tr_radius  ls_iter  iter_time  total_time
   0  2.037395e+05    0.00e+00    3.83e+04   0.00e+00   0.00e+00  1.00e+04        0    8.21e-02    5.02e-01

CHOLMOD version 3.0.14, Oct 22, 2019: Symbolic Analysis: status: OK
  Architecture: Linux
    sizeof(int):      4
    sizeof(SuiteSparse_long):  8
    sizeof(void *):   8
    sizeof(double):   8
    sizeof(Int):      4 (CHOLMOD's basic integer)
    sizeof(BLAS_INT): 4 (integer used in the BLAS)
  Results from most recent analysis:
    Cholesky flop count: 1.7368e+07
    Nonzeros in L:       69751
  memory blocks in use:          11
  memory in use (MB):           0.0
  peak memory usage (MB):       0.3
  maxrank:    update/downdate rank:   8
  supernodal control: 1 40 (supernodal if flops/lnz >= 40)
  nmethods:   number of ordering methods to try: 1
    method 0: natural
        flop count: 1.7368e+07
        nnz(L):     69751
  OK
   1  2.022955e+05    1.44e+03    5.55e+02   2.24e+01   1.00e+00  3.00e+04        1    6.67e-01    1.17e+00
   2  2.022932e+05    2.35e+00    2.84e+02   5.74e+00   1.01e+00  9.00e+04        1    2.51e-01    1.42e+00
   3  2.022930e+05    1.41e-01    3.20e+02   2.73e+00   1.02e+00  2.70e+05        1    2.53e-01    1.67e+00
   4  2.022928e+05    2.30e-01    2.09e+02   6.71e+00   1.00e+00  8.10e+05        1    2.47e-01    1.92e+00
   5  2.022924e+05    3.34e-01    1.53e+01   1.31e+01   1.00e+00  2.43e+06        1    2.39e-01    2.16e+00
   6  2.022922e+05    2.06e-01    7.67e+01   1.47e+01   9.94e-01  7.29e+06        1    2.51e-01    2.41e+00
   7  2.022922e+05    3.69e-02    2.02e+01   7.38e+00   1.01e+00  2.19e+07        1    2.45e-01    2.65e+00
   8  2.022922e+05    1.41e-03    1.99e+00   1.45e+00   1.04e+00  6.56e+07        1    2.39e-01    2.89e+00
   9  2.022922e+05    1.56e-05    3.01e-01   1.37e-01   1.08e+00  1.97e+08        1    2.41e-01    3.13e+00


Bundle adjustment report
------------------------
    Residuals : 303120
   Parameters : 21625
   Iterations : 10
         Time : 3.14153 [s]
 Initial cost : 0.819842 [px]
   Final cost : 0.816925 [px]
  Termination : Convergence

  => Completed observations: 78
  => Merged observations: 99
  => Filtered observations: 152
  => Changed observations: 0.002171

==============================================================================
Global bundle adjustment
==============================================================================

iter      cost      cost_change  |gradient|   |step|    tr_ratio  tr_radius  ls_iter  iter_time  total_time
   0  2.016620e+05    0.00e+00    1.27e+03   0.00e+00   0.00e+00  1.00e+04        0    7.74e-02    4.82e-01

CHOLMOD version 3.0.14, Oct 22, 2019: Symbolic Analysis: status: OK
  Architecture: Linux
    sizeof(int):      4
    sizeof(SuiteSparse_long):  8
    sizeof(void *):   8
    sizeof(double):   8
    sizeof(Int):      4 (CHOLMOD's basic integer)
    sizeof(BLAS_INT): 4 (integer used in the BLAS)
  Results from most recent analysis:
    Cholesky flop count: 1.7368e+07
    Nonzeros in L:       69751
  memory blocks in use:          11
  memory in use (MB):           0.0
  peak memory usage (MB):       0.3
  maxrank:    update/downdate rank:   8
  supernodal control: 1 40 (supernodal if flops/lnz >= 40)
  nmethods:   number of ordering methods to try: 1
    method 0: natural
        flop count: 1.7368e+07
        nnz(L):     69751
  OK
   1  2.014872e+05    1.75e+02    4.65e+01   6.37e+00   1.00e+00  3.00e+04        1    6.60e-01    1.14e+00
   2  2.014869e+05    2.43e-01    6.38e+01   1.51e+00   1.01e+00  9.00e+04        1    2.72e-01    1.41e+00
   3  2.014869e+05    7.81e-03    3.56e+01   2.67e-01   1.08e+00  2.70e+05        1    2.57e-01    1.67e+00
   4  2.014869e+05    8.60e-04    1.04e+01   2.06e-01   1.09e+00  8.10e+05        1    2.49e-01    1.92e+00
   5  2.014869e+05    3.98e-04    2.79e+00   4.21e-01   1.01e+00  2.43e+06        1    2.55e-01    2.18e+00
   6  2.014869e+05    2.27e-04    1.39e+00   4.79e-01   1.01e+00  7.29e+06        1    2.55e-01    2.43e+00
   7  2.014869e+05    3.76e-05    3.75e-01   2.42e-01   1.02e+00  2.19e+07        1    2.58e-01    2.69e+00


Bundle adjustment report
------------------------
    Residuals : 302950
   Parameters : 21598
   Iterations : 8
         Time : 2.69756 [s]
 Initial cost : 0.815881 [px]
   Final cost : 0.815526 [px]
  Termination : Convergence

  => Completed observations: 96
  => Merged observations: 40
  => Filtered observations: 51
  => Changed observations: 0.001235

==============================================================================
Global bundle adjustment
==============================================================================

iter      cost      cost_change  |gradient|   |step|    tr_ratio  tr_radius  ls_iter  iter_time  total_time
   0  2.013775e+05    0.00e+00    1.21e+03   0.00e+00   0.00e+00  1.00e+04        0    7.25e-02    4.57e-01

CHOLMOD version 3.0.14, Oct 22, 2019: Symbolic Analysis: status: OK
  Architecture: Linux
    sizeof(int):      4
    sizeof(SuiteSparse_long):  8
    sizeof(void *):   8
    sizeof(double):   8
    sizeof(Int):      4 (CHOLMOD's basic integer)
    sizeof(BLAS_INT): 4 (integer used in the BLAS)
  Results from most recent analysis:
    Cholesky flop count: 1.7368e+07
    Nonzeros in L:       69751
  memory blocks in use:          11
  memory in use (MB):           0.0
  peak memory usage (MB):       0.3
  maxrank:    update/downdate rank:   8
  supernodal control: 1 40 (supernodal if flops/lnz >= 40)
  nmethods:   number of ordering methods to try: 1
    method 0: natural
        flop count: 1.7368e+07
        nnz(L):     69751
  OK
   1  2.013161e+05    6.13e+01    1.12e+01   3.56e+00   1.00e+00  3.00e+04        1    6.75e-01    1.13e+00
   2  2.013160e+05    7.56e-02    1.30e+01   8.02e-01   1.00e+00  9.00e+04        1    2.51e-01    1.38e+00
   3  2.013160e+05    1.79e-03    9.39e+00   1.86e-01   1.03e+00  2.70e+05        1    2.42e-01    1.63e+00
   4  2.013160e+05    1.10e-03    4.39e+00   4.38e-01   1.01e+00  8.10e+05        1    2.47e-01    1.87e+00
   5  2.013160e+05    1.51e-03    2.00e+00   8.59e-01   1.00e+00  2.43e+06        1    2.37e-01    2.11e+00
   6  2.013160e+05    9.19e-04    1.99e+00   9.69e-01   1.01e+00  7.29e+06        1    2.49e-01    2.36e+00
   7  2.013160e+05    1.53e-04    1.25e+00   4.89e-01   1.02e+00  2.19e+07        1    2.45e-01    2.60e+00
   8  2.013160e+05    5.60e-06    7.35e-02   9.76e-02   1.05e+00  6.56e+07        1    2.42e-01    2.85e+00


Bundle adjustment report
------------------------
    Residuals : 303040
   Parameters : 21595
   Iterations : 9
         Time : 2.85488 [s]
 Initial cost : 0.815184 [px]
   Final cost : 0.815059 [px]
  Termination : Convergence

  => Completed observations: 43
  => Merged observations: 0
  => Filtered observations: 21
  => Changed observations: 0.000422
  => Filtered images: 0

==============================================================================
Registering image #59 (64)
==============================================================================

  => Image sees 1621 / 1897 points

Pose refinement report
----------------------
    Residuals : 4644
   Parameters : 6
   Iterations : 11
         Time : 0.0289831 [s]
 Initial cost : 0.75128 [px]
   Final cost : 0.744001 [px]
  Termination : Convergence

  => Continued observations: 1523
  => Added observations: 328

Bundle adjustment report
------------------------
    Residuals : 32828
   Parameters : 1778
   Iterations : 11
         Time : 0.230584 [s]
 Initial cost : 0.704873 [px]
   Final cost : 0.699961 [px]
  Termination : Convergence

  => Merged observations: 104
  => Completed observations: 95
  => Filtered observations: 417
  => Changed observations: 0.032277

Bundle adjustment report
------------------------
    Residuals : 32114
   Parameters : 1724
   Iterations : 2
         Time : 0.043052 [s]
 Initial cost : 0.877227 [px]
   Final cost : 0.8724 [px]
  Termination : Convergence

  => Merged observations: 0
  => Completed observations: 75
  => Filtered observations: 5
  => Changed observations: 0.004280

==============================================================================
Registering image #41 (65)
==============================================================================

  => Image sees 1727 / 1918 points

Pose refinement report
----------------------
    Residuals : 5600
   Parameters : 6
   Iterations : 12
         Time : 0.0388238 [s]
 Initial cost : 0.783222 [px]
   Final cost : 0.737347 [px]
  Termination : Convergence

  => Continued observations: 1659
  => Added observations: 225

Bundle adjustment report
------------------------
    Residuals : 29090
   Parameters : 968
   Iterations : 6
         Time : 0.1257 [s]
 Initial cost : 0.701218 [px]
   Final cost : 0.696698 [px]
  Termination : Convergence

  => Merged observations: 270
  => Completed observations: 113
  => Filtered observations: 324
  => Changed observations: 0.040921

Bundle adjustment report
------------------------
    Residuals : 29072
   Parameters : 929
   Iterations : 2
         Time : 0.0424612 [s]
 Initial cost : 0.870608 [px]
   Final cost : 0.866841 [px]
  Termination : Convergence

  => Merged observations: 10
  => Completed observations: 54
  => Filtered observations: 6
  => Changed observations: 0.004055

==============================================================================
Registering image #120 (66)
==============================================================================

  => Image sees 1961 / 2278 points

Pose refinement report
----------------------
    Residuals : 5518
   Parameters : 6
   Iterations : 12
         Time : 0.0385749 [s]
 Initial cost : 0.748538 [px]
   Final cost : 0.717152 [px]
  Termination : Convergence

  => Continued observations: 1873
  => Added observations: 311

Bundle adjustment report
------------------------
    Residuals : 30846
   Parameters : 1253
   Iterations : 4
         Time : 0.0805199 [s]
 Initial cost : 0.696632 [px]
   Final cost : 0.692938 [px]
  Termination : Convergence

  => Merged observations: 254
  => Completed observations: 185
  => Filtered observations: 365
  => Changed observations: 0.044814

Bundle adjustment report
------------------------
    Residuals : 30522
   Parameters : 1253
   Iterations : 2
         Time : 0.0405359 [s]
 Initial cost : 0.863839 [px]
   Final cost : 0.860202 [px]
  Termination : Convergence

  => Merged observations: 45
  => Completed observations: 70
  => Filtered observations: 7
  => Changed observations: 0.006863

==============================================================================
Registering image #79 (67)
==============================================================================

  => Image sees 1786 / 1952 points

Pose refinement report
----------------------
    Residuals : 5230
   Parameters : 6
   Iterations : 11
         Time : 0.034076 [s]
 Initial cost : 0.777109 [px]
   Final cost : 0.730746 [px]
  Termination : Convergence

  => Continued observations: 1736
  => Added observations: 252

Bundle adjustment report
------------------------
    Residuals : 27690
   Parameters : 1052
   Iterations : 11
         Time : 0.199145 [s]
 Initial cost : 0.716941 [px]
   Final cost : 0.71212 [px]
  Termination : Convergence

  => Merged observations: 195
  => Completed observations: 139
  => Filtered observations: 316
  => Changed observations: 0.038790

Bundle adjustment report
------------------------
    Residuals : 27530
   Parameters : 1022
   Iterations : 2
         Time : 0.0390549 [s]
 Initial cost : 0.890351 [px]
   Final cost : 0.887167 [px]
  Termination : Convergence

  => Merged observations: 16
  => Completed observations: 52
  => Filtered observations: 8
  => Changed observations: 0.004604

==============================================================================
Registering image #82 (68)
==============================================================================

  => Image sees 1946 / 2360 points

Pose refinement report
----------------------
    Residuals : 5110
   Parameters : 6
   Iterations : 10
         Time : 0.0302231 [s]
 Initial cost : 0.764261 [px]
   Final cost : 0.747144 [px]
  Termination : Convergence

  => Continued observations: 1791
  => Added observations: 406

Bundle adjustment report
------------------------
    Residuals : 29640
   Parameters : 1529
   Iterations : 5
         Time : 0.101189 [s]
 Initial cost : 0.732653 [px]
   Final cost : 0.726011 [px]
  Termination : Convergence

  => Merged observations: 336
  => Completed observations: 149
  => Filtered observations: 456
  => Changed observations: 0.053116

Bundle adjustment report
------------------------
    Residuals : 28014
   Parameters : 1496
   Iterations : 3
         Time : 0.0538158 [s]
 Initial cost : 0.899574 [px]
   Final cost : 0.893541 [px]
  Termination : Convergence

  => Merged observations: 67
  => Completed observations: 61
  => Filtered observations: 9
  => Changed observations: 0.008290

==============================================================================
Registering image #83 (69)
==============================================================================

  => Image sees 1859 / 2083 points

Pose refinement report
----------------------
    Residuals : 5210
   Parameters : 6
   Iterations : 14
         Time : 0.041868 [s]
 Initial cost : 0.766983 [px]
   Final cost : 0.748951 [px]
  Termination : Convergence

  => Continued observations: 1750
  => Added observations: 326

Bundle adjustment report
------------------------
    Residuals : 29346
   Parameters : 1418
   Iterations : 6
         Time : 0.117975 [s]
 Initial cost : 0.727637 [px]
   Final cost : 0.72273 [px]
  Termination : Convergence

  => Merged observations: 282
  => Completed observations: 136
  => Filtered observations: 439
  => Changed observations: 0.050770

Bundle adjustment report
------------------------
    Residuals : 27734
   Parameters : 1367
   Iterations : 2
         Time : 0.036103 [s]
 Initial cost : 0.911511 [px]
   Final cost : 0.906246 [px]
  Termination : Convergence

  => Merged observations: 58
  => Completed observations: 104
  => Filtered observations: 5
  => Changed observations: 0.010328

==============================================================================
Registering image #118 (70)
==============================================================================

  => Image sees 1847 / 2062 points

Pose refinement report
----------------------
    Residuals : 5426
   Parameters : 6
   Iterations : 8
         Time : 0.02601 [s]
 Initial cost : 0.72614 [px]
   Final cost : 0.724143 [px]
  Termination : Convergence

  => Continued observations: 1768
  => Added observations: 382

Bundle adjustment report
------------------------
    Residuals : 29846
   Parameters : 1541
   Iterations : 4
         Time : 0.079653 [s]
 Initial cost : 0.71135 [px]
   Final cost : 0.706926 [px]
  Termination : Convergence

  => Merged observations: 516
  => Completed observations: 201
  => Filtered observations: 363
  => Changed observations: 0.060582

Bundle adjustment report
------------------------
    Residuals : 29738
   Parameters : 1505
   Iterations : 2
         Time : 0.0395701 [s]
 Initial cost : 0.883382 [px]
   Final cost : 0.877955 [px]
  Termination : Convergence

  => Merged observations: 149
  => Completed observations: 73
  => Filtered observations: 10
  => Changed observations: 0.013269

==============================================================================
Retriangulation
==============================================================================

  => Completed observations: 500
  => Merged observations: 2072
  => Retriangulated observations: 0

==============================================================================
Global bundle adjustment
==============================================================================

iter      cost      cost_change  |gradient|   |step|    tr_ratio  tr_radius  ls_iter  iter_time  total_time
   0  2.282626e+05    0.00e+00    1.16e+04   0.00e+00   0.00e+00  1.00e+04        0    7.69e-02    5.10e-01

CHOLMOD version 3.0.14, Oct 22, 2019: Symbolic Analysis: status: OK
  Architecture: Linux
    sizeof(int):      4
    sizeof(SuiteSparse_long):  8
    sizeof(void *):   8
    sizeof(double):   8
    sizeof(Int):      4 (CHOLMOD's basic integer)
    sizeof(BLAS_INT): 4 (integer used in the BLAS)
  Results from most recent analysis:
    Cholesky flop count: 2.3911e+07
    Nonzeros in L:       86320
  memory blocks in use:          11
  memory in use (MB):           0.0
  peak memory usage (MB):       0.4
  maxrank:    update/downdate rank:   8
  supernodal control: 1 40 (supernodal if flops/lnz >= 40)
  nmethods:   number of ordering methods to try: 1
    method 0: natural
        flop count: 2.3911e+07
        nnz(L):     86320
  OK
   1  2.254076e+05    2.86e+03    4.14e+03   2.82e+01   9.99e-01  3.00e+04        1    7.58e-01    1.27e+00
   2  2.254003e+05    7.21e+00    5.38e+03   5.72e+00   1.02e+00  9.00e+04        1    2.80e-01    1.55e+00
   3  2.253995e+05    8.03e-01    2.20e+03   2.59e+00   1.07e+00  2.70e+05        1    2.82e-01    1.83e+00
   4  2.253995e+05    6.61e-02    3.25e+02   9.11e-01   1.11e+00  8.10e+05        1    2.69e-01    2.10e+00
   5  2.253995e+05    5.83e-03    5.83e+01   1.34e+00   1.05e+00  2.43e+06        1    2.67e-01    2.37e+00
   6  2.253995e+05    2.34e-03    1.02e+01   1.59e+00   1.01e+00  7.29e+06        1    2.69e-01    2.64e+00
   7  2.253995e+05    4.04e-04    2.00e+00   8.39e-01   1.02e+00  2.19e+07        1    2.69e-01    2.90e+00
   8  2.253995e+05    1.55e-05    1.85e-01   1.74e-01   1.04e+00  6.56e+07        1    2.70e-01    3.17e+00


Bundle adjustment report
------------------------
    Residuals : 330220
   Parameters : 23590
   Iterations : 9
         Time : 3.18514 [s]
 Initial cost : 0.831411 [px]
   Final cost : 0.82618 [px]
  Termination : Convergence

  => Completed observations: 144
  => Merged observations: 604
  => Filtered observations: 212
  => Changed observations: 0.005814

==============================================================================
Global bundle adjustment
==============================================================================

iter      cost      cost_change  |gradient|   |step|    tr_ratio  tr_radius  ls_iter  iter_time  total_time
   0  2.248248e+05    0.00e+00    5.45e+02   0.00e+00   0.00e+00  1.00e+04        0    8.74e-02    5.16e-01

CHOLMOD version 3.0.14, Oct 22, 2019: Symbolic Analysis: status: OK
  Architecture: Linux
    sizeof(int):      4
    sizeof(SuiteSparse_long):  8
    sizeof(void *):   8
    sizeof(double):   8
    sizeof(Int):      4 (CHOLMOD's basic integer)
    sizeof(BLAS_INT): 4 (integer used in the BLAS)
  Results from most recent analysis:
    Cholesky flop count: 2.3911e+07
    Nonzeros in L:       86320
  memory blocks in use:          11
  memory in use (MB):           0.0
  peak memory usage (MB):       0.4
  maxrank:    update/downdate rank:   8
  supernodal control: 1 40 (supernodal if flops/lnz >= 40)
  nmethods:   number of ordering methods to try: 1
    method 0: natural
        flop count: 2.3911e+07
        nnz(L):     86320
  OK
   1  2.245422e+05    2.83e+02    6.56e+01   7.86e+00   1.00e+00  3.00e+04        1    7.65e-01    1.28e+00
   2  2.245419e+05    2.60e-01    8.65e+01   1.02e+00   1.01e+00  9.00e+04        1    2.75e-01    1.56e+00
   3  2.245419e+05    9.70e-03    5.09e+01   3.18e-01   1.07e+00  2.70e+05        1    2.73e-01    1.83e+00
   4  2.245419e+05    3.11e-03    1.86e+01   6.30e-01   1.02e+00  8.10e+05        1    2.72e-01    2.10e+00
   5  2.245419e+05    3.76e-03    5.93e+00   1.26e+00   1.00e+00  2.43e+06        1    2.69e-01    2.37e+00
   6  2.245419e+05    2.40e-03    2.00e+00   1.47e+00   1.01e+00  7.29e+06        1    2.79e-01    2.65e+00
   7  2.245419e+05    4.26e-04    2.00e+00   7.73e-01   1.01e+00  2.19e+07        1    2.74e-01    2.92e+00
   8  2.245419e+05    1.64e-05    1.96e-01   1.60e-01   1.04e+00  6.56e+07        1    2.69e-01    3.19e+00


Bundle adjustment report
------------------------
    Residuals : 330062
   Parameters : 23533
   Iterations : 9
         Time : 3.20286 [s]
 Initial cost : 0.825324 [px]
   Final cost : 0.824804 [px]
  Termination : Convergence

  => Completed observations: 134
  => Merged observations: 321
  => Filtered observations: 75
  => Changed observations: 0.003212

==============================================================================
Global bundle adjustment
==============================================================================

iter      cost      cost_change  |gradient|   |step|    tr_ratio  tr_radius  ls_iter  iter_time  total_time
   0  2.245828e+05    0.00e+00    1.48e+03   0.00e+00   0.00e+00  1.00e+04        0    8.09e-02    5.65e-01

CHOLMOD version 3.0.14, Oct 22, 2019: Symbolic Analysis: status: OK
  Architecture: Linux
    sizeof(int):      4
    sizeof(SuiteSparse_long):  8
    sizeof(void *):   8
    sizeof(double):   8
    sizeof(Int):      4 (CHOLMOD's basic integer)
    sizeof(BLAS_INT): 4 (integer used in the BLAS)
  Results from most recent analysis:
    Cholesky flop count: 2.3911e+07
    Nonzeros in L:       86320
  memory blocks in use:          11
  memory in use (MB):           0.0
  peak memory usage (MB):       0.4
  maxrank:    update/downdate rank:   8
  supernodal control: 1 40 (supernodal if flops/lnz >= 40)
  nmethods:   number of ordering methods to try: 1
    method 0: natural
        flop count: 2.3911e+07
        nnz(L):     86320
  OK
   1  2.244857e+05    9.71e+01    9.73e+00   3.72e+00   1.00e+00  3.00e+04        1    7.67e-01    1.33e+00
   2  2.244857e+05    3.63e-02    2.29e+00   2.44e-01   1.01e+00  9.00e+04        1    2.94e-01    1.63e+00
   3  2.244857e+05    2.63e-04    1.63e+00   9.99e-02   1.03e+00  2.70e+05        1    2.93e-01    1.92e+00
   4  2.244857e+05    3.49e-04    6.69e-01   2.41e-01   1.00e+00  8.10e+05        1    2.75e-01    2.19e+00


Bundle adjustment report
------------------------
    Residuals : 330168
   Parameters : 23503
   Iterations : 5
         Time : 2.20149 [s]
 Initial cost : 0.824747 [px]
   Final cost : 0.824569 [px]
  Termination : Convergence

  => Completed observations: 40
  => Merged observations: 0
  => Filtered observations: 34
  => Changed observations: 0.000448
  => Filtered images: 0

==============================================================================
Registering image #99 (71)
==============================================================================

  => Image sees 2000 / 2303 points

Pose refinement report
----------------------
    Residuals : 5372
   Parameters : 6
   Iterations : 9
         Time : 0.0273409 [s]
 Initial cost : 0.734481 [px]
   Final cost : 0.71649 [px]
  Termination : Convergence

  => Continued observations: 1888
  => Added observations: 285

Bundle adjustment report
------------------------
    Residuals : 33296
   Parameters : 2339
   Iterations : 7
         Time : 0.143993 [s]
 Initial cost : 0.716593 [px]
   Final cost : 0.709723 [px]
  Termination : Convergence

  => Merged observations: 179
  => Completed observations: 142
  => Filtered observations: 415
  => Changed observations: 0.038417

Bundle adjustment report
------------------------
    Residuals : 32762
   Parameters : 2300
   Iterations : 3
         Time : 0.0605631 [s]
 Initial cost : 0.888277 [px]
   Final cost : 0.881842 [px]
  Termination : Convergence

  => Merged observations: 38
  => Completed observations: 115
  => Filtered observations: 9
  => Changed observations: 0.008576

==============================================================================
Registering image #96 (72)
==============================================================================

  => Image sees 1961 / 2127 points

Pose refinement report
----------------------
    Residuals : 5876
   Parameters : 6
   Iterations : 12
         Time : 0.0415509 [s]
 Initial cost : 0.811721 [px]
   Final cost : 0.710203 [px]
  Termination : Convergence

  => Continued observations: 1879
  => Added observations: 244

Bundle adjustment report
------------------------
    Residuals : 30742
   Parameters : 1400
   Iterations : 5
         Time : 0.0991409 [s]
 Initial cost : 0.696918 [px]
   Final cost : 0.693159 [px]
  Termination : Convergence

  => Merged observations: 365
  => Completed observations: 127
  => Filtered observations: 343
  => Changed observations: 0.046094

Bundle adjustment report
------------------------
    Residuals : 30332
   Parameters : 1370
   Iterations : 2
         Time : 0.0414071 [s]
 Initial cost : 0.871395 [px]
   Final cost : 0.866488 [px]
  Termination : Convergence

  => Merged observations: 17
  => Completed observations: 68
  => Filtered observations: 7
  => Changed observations: 0.005137

==============================================================================
Registering image #65 (73)
==============================================================================

  => Image sees 1788 / 2494 points

Pose refinement report
----------------------
    Residuals : 3856
   Parameters : 6
   Iterations : 13
         Time : 0.0300589 [s]
 Initial cost : 0.757799 [px]
   Final cost : 0.749614 [px]
  Termination : Convergence

  => Continued observations: 1418
  => Added observations: 492

Bundle adjustment report
------------------------
    Residuals : 29668
   Parameters : 1274
   Iterations : 7
         Time : 0.132476 [s]
 Initial cost : 0.726158 [px]
   Final cost : 0.714941 [px]
  Termination : Convergence

  => Merged observations: 227
  => Completed observations: 96
  => Filtered observations: 439
  => Changed observations: 0.043451

Bundle adjustment report
------------------------
    Residuals : 28320
   Parameters : 1184
   Iterations : 2
         Time : 0.038157 [s]
 Initial cost : 0.883685 [px]
   Final cost : 0.877746 [px]
  Termination : Convergence

  => Merged observations: 62
  => Completed observations: 28
  => Filtered observations: 2
  => Changed observations: 0.005442

==============================================================================
Registering image #117 (74)
==============================================================================

  => Image sees 1913 / 2031 points

Pose refinement report
----------------------
    Residuals : 5600
   Parameters : 6
   Iterations : 12
         Time : 0.0387361 [s]
 Initial cost : 0.795366 [px]
   Final cost : 0.716739 [px]
  Termination : Convergence

  => Continued observations: 1815
  => Added observations: 314

Bundle adjustment report
------------------------
    Residuals : 31158
   Parameters : 1520
   Iterations : 6
         Time : 0.125737 [s]
 Initial cost : 0.709562 [px]
   Final cost : 0.705824 [px]
  Termination : Convergence

  => Merged observations: 670
  => Completed observations: 139
  => Filtered observations: 374
  => Changed observations: 0.063977

Bundle adjustment report
------------------------
    Residuals : 30610
   Parameters : 1442
   Iterations : 3
         Time : 0.0660999 [s]
 Initial cost : 0.874494 [px]
   Final cost : 0.86974 [px]
  Termination : Convergence

  => Merged observations: 66
  => Completed observations: 71
  => Filtered observations: 9
  => Changed observations: 0.008246

==============================================================================
Registering image #101 (75)
==============================================================================

  => Image sees 1848 / 1919 points

Pose refinement report
----------------------
    Residuals : 5876
   Parameters : 6
   Iterations : 9
         Time : 0.0305591 [s]
 Initial cost : 0.721063 [px]
   Final cost : 0.708471 [px]
  Termination : Convergence

  => Continued observations: 1808
  => Added observations: 240

Bundle adjustment report
------------------------
    Residuals : 30830
   Parameters : 1301
   Iterations : 6
         Time : 0.127636 [s]
 Initial cost : 0.69824 [px]
   Final cost : 0.694902 [px]
  Termination : Convergence

  => Merged observations: 540
  => Completed observations: 156
  => Filtered observations: 318
  => Changed observations: 0.055295

Bundle adjustment report
------------------------
    Residuals : 30300
   Parameters : 1208
   Iterations : 2
         Time : 0.043597 [s]
 Initial cost : 0.866371 [px]
   Final cost : 0.862223 [px]
  Termination : Convergence

  => Merged observations: 275
  => Completed observations: 71
  => Filtered observations: 4
  => Changed observations: 0.019774

==============================================================================
Registering image #100 (76)
==============================================================================

  => Image sees 1992 / 2231 points

Pose refinement report
----------------------
    Residuals : 5608
   Parameters : 6
   Iterations : 9
         Time : 0.029479 [s]
 Initial cost : 0.728836 [px]
   Final cost : 0.718961 [px]
  Termination : Convergence

  => Continued observations: 1890
  => Added observations: 287

Bundle adjustment report
------------------------
    Residuals : 31616
   Parameters : 1682
   Iterations : 9
         Time : 0.183615 [s]
 Initial cost : 0.716718 [px]
   Final cost : 0.7108 [px]
  Termination : Convergence

  => Merged observations: 616
  => Completed observations: 206
  => Filtered observations: 427
  => Changed observations: 0.069086

Bundle adjustment report
------------------------
    Residuals : 29664
   Parameters : 1571
   Iterations : 2
         Time : 0.0407841 [s]
 Initial cost : 0.905675 [px]
   Final cost : 0.900454 [px]
  Termination : Convergence

  => Merged observations: 91
  => Completed observations: 87
  => Filtered observations: 3
  => Changed observations: 0.010206

==============================================================================
Registering image #98 (77)
==============================================================================

  => Image sees 1885 / 2025 points

Pose refinement report
----------------------
    Residuals : 5584
   Parameters : 6
   Iterations : 8
         Time : 0.02613 [s]
 Initial cost : 0.724509 [px]
   Final cost : 0.715995 [px]
  Termination : Convergence

  => Continued observations: 1799
  => Added observations: 328

Bundle adjustment report
------------------------
    Residuals : 31216
   Parameters : 1583
   Iterations : 6
         Time : 0.128995 [s]
 Initial cost : 0.710628 [px]
   Final cost : 0.706185 [px]
  Termination : Convergence

  => Merged observations: 569
  => Completed observations: 185
  => Filtered observations: 391
  => Changed observations: 0.062633

Bundle adjustment report
------------------------
    Residuals : 30730
   Parameters : 1523
   Iterations : 3
         Time : 0.060071 [s]
 Initial cost : 0.885467 [px]
   Final cost : 0.879707 [px]
  Termination : Convergence

  => Merged observations: 185
  => Completed observations: 112
  => Filtered observations: 4
  => Changed observations: 0.016610

==============================================================================
Retriangulation
==============================================================================

  => Completed observations: 451
  => Merged observations: 1150
  => Retriangulated observations: 0

==============================================================================
Global bundle adjustment
==============================================================================

iter      cost      cost_change  |gradient|   |step|    tr_ratio  tr_radius  ls_iter  iter_time  total_time
   0  2.512127e+05    0.00e+00    4.19e+03   0.00e+00   0.00e+00  1.00e+04        0    8.46e-02    5.67e-01

CHOLMOD version 3.0.14, Oct 22, 2019: Symbolic Analysis: status: OK
  Architecture: Linux
    sizeof(int):      4
    sizeof(SuiteSparse_long):  8
    sizeof(void *):   8
    sizeof(double):   8
    sizeof(Int):      4 (CHOLMOD's basic integer)
    sizeof(BLAS_INT): 4 (integer used in the BLAS)
  Results from most recent analysis:
    Cholesky flop count: 3.1919e+07
    Nonzeros in L:       1.0465e+05
  memory blocks in use:          11
  memory in use (MB):           0.0
  peak memory usage (MB):       0.4
  maxrank:    update/downdate rank:   8
  supernodal control: 1 40 (supernodal if flops/lnz >= 40)
  nmethods:   number of ordering methods to try: 1
    method 0: natural
        flop count: 3.1919e+07
        nnz(L):     1.0465e+05
  OK
   1  2.489293e+05    2.28e+03    3.78e+02   2.08e+01   1.00e+00  3.00e+04        1    8.62e-01    1.43e+00
   2  2.489275e+05    1.79e+00    2.94e+00   3.30e+00   1.01e+00  9.00e+04        1    3.04e-01    1.73e+00
   3  2.489275e+05    2.03e-02    1.65e+01   8.83e-01   1.01e+00  2.70e+05        1    2.83e-01    2.02e+00
   4  2.489275e+05    2.53e-02    1.36e+01   2.11e+00   1.00e+00  8.10e+05        1    2.82e-01    2.30e+00
   5  2.489274e+05    3.89e-02    2.00e+00   4.24e+00   1.00e+00  2.43e+06        1    2.87e-01    2.59e+00
   6  2.489274e+05    2.66e-02    4.67e+00   5.14e+00   1.00e+00  7.29e+06        1    2.92e-01    2.88e+00
   7  2.489274e+05    5.21e-03    2.00e+00   2.87e+00   1.01e+00  2.19e+07        1    2.80e-01    3.16e+00
   8  2.489274e+05    2.23e-04    1.76e+00   6.34e-01   1.04e+00  6.56e+07        1    2.83e-01    3.44e+00
   9  2.489274e+05    2.72e-06    1.91e-01   6.16e-02   1.07e+00  1.97e+08        1    2.91e-01    3.73e+00


Bundle adjustment report
------------------------
    Residuals : 358028
   Parameters : 25114
   Iterations : 10
         Time : 3.74031 [s]
 Initial cost : 0.837649 [px]
   Final cost : 0.833831 [px]
  Termination : Convergence

  => Completed observations: 121
  => Merged observations: 502
  => Filtered observations: 235
  => Changed observations: 0.004793

==============================================================================
Global bundle adjustment
==============================================================================

iter      cost      cost_change  |gradient|   |step|    tr_ratio  tr_radius  ls_iter  iter_time  total_time
   0  2.480970e+05    0.00e+00    1.96e+03   0.00e+00   0.00e+00  1.00e+04        0    8.56e-02    5.65e-01

CHOLMOD version 3.0.14, Oct 22, 2019: Symbolic Analysis: status: OK
  Architecture: Linux
    sizeof(int):      4
    sizeof(SuiteSparse_long):  8
    sizeof(void *):   8
    sizeof(double):   8
    sizeof(Int):      4 (CHOLMOD's basic integer)
    sizeof(BLAS_INT): 4 (integer used in the BLAS)
  Results from most recent analysis:
    Cholesky flop count: 3.1919e+07
    Nonzeros in L:       1.0465e+05
  memory blocks in use:          11
  memory in use (MB):           0.0
  peak memory usage (MB):       0.4
  maxrank:    update/downdate rank:   8
  supernodal control: 1 40 (supernodal if flops/lnz >= 40)
  nmethods:   number of ordering methods to try: 1
    method 0: natural
        flop count: 3.1919e+07
        nnz(L):     1.0465e+05
  OK
   1  2.478206e+05    2.76e+02    5.23e+01   8.41e+00   1.00e+00  3.00e+04        1    8.59e-01    1.42e+00
   2  2.478205e+05    1.23e-01    1.63e+01   1.13e+00   1.00e+00  9.00e+04        1    2.98e-01    1.72e+00
   3  2.478205e+05    2.31e-03    6.07e+00   2.36e-01   1.05e+00  2.70e+05        1    3.00e-01    2.02e+00
   4  2.478205e+05    9.16e-04    9.76e-01   4.02e-01   1.01e+00  8.10e+05        1    2.82e-01    2.31e+00


Bundle adjustment report
------------------------
    Residuals : 357788
   Parameters : 25066
   Iterations : 5
         Time : 2.31463 [s]
 Initial cost : 0.832718 [px]
   Final cost : 0.832254 [px]
  Termination : Convergence

  => Completed observations: 140
  => Merged observations: 411
  => Filtered observations: 76
  => Changed observations: 0.003505

==============================================================================
Global bundle adjustment
==============================================================================

iter      cost      cost_change  |gradient|   |step|    tr_ratio  tr_radius  ls_iter  iter_time  total_time
   0  2.480897e+05    0.00e+00    9.86e+02   0.00e+00   0.00e+00  1.00e+04        0    9.50e-02    5.74e-01

CHOLMOD version 3.0.14, Oct 22, 2019: Symbolic Analysis: status: OK
  Architecture: Linux
    sizeof(int):      4
    sizeof(SuiteSparse_long):  8
    sizeof(void *):   8
    sizeof(double):   8
    sizeof(Int):      4 (CHOLMOD's basic integer)
    sizeof(BLAS_INT): 4 (integer used in the BLAS)
  Results from most recent analysis:
    Cholesky flop count: 3.1919e+07
    Nonzeros in L:       1.0465e+05
  memory blocks in use:          11
  memory in use (MB):           0.0
  peak memory usage (MB):       0.4
  maxrank:    update/downdate rank:   8
  supernodal control: 1 40 (supernodal if flops/lnz >= 40)
  nmethods:   number of ordering methods to try: 1
    method 0: natural
        flop count: 3.1919e+07
        nnz(L):     1.0465e+05
  OK
   1  2.479654e+05    1.24e+02    1.58e+01   4.71e+00   1.00e+00  3.00e+04        1    8.75e-01    1.45e+00
   2  2.479653e+05    7.14e-02    1.77e+01   5.09e-01   1.01e+00  9.00e+04        1    3.02e-01    1.75e+00
   3  2.479653e+05    1.70e-03    1.17e+01   2.29e-01   1.05e+00  2.70e+05        1    2.88e-01    2.04e+00
   4  2.479653e+05    1.62e-03    5.19e+00   5.42e-01   1.01e+00  8.10e+05        1    2.98e-01    2.34e+00
   5  2.479653e+05    2.42e-03    1.99e+00   1.10e+00   1.00e+00  2.43e+06        1    2.88e-01    2.63e+00
   6  2.479653e+05    1.67e-03    2.00e+00   1.34e+00   1.00e+00  7.29e+06        1    2.97e-01    2.92e+00
   7  2.479653e+05    3.28e-04    1.90e+00   7.50e-01   1.01e+00  2.19e+07        1    3.09e-01    3.23e+00
   8  2.479653e+05    1.39e-05    1.73e-01   1.66e-01   1.04e+00  6.56e+07        1    3.02e-01    3.53e+00


Bundle adjustment report
------------------------
    Residuals : 357916
   Parameters : 25045
   Iterations : 9
         Time : 3.5414 [s]
 Initial cost : 0.832557 [px]
   Final cost : 0.832348 [px]
  Termination : Convergence

  => Completed observations: 51
  => Merged observations: 150
  => Filtered observations: 32
  => Changed observations: 0.001302

==============================================================================
Global bundle adjustment
==============================================================================

iter      cost      cost_change  |gradient|   |step|    tr_ratio  tr_radius  ls_iter  iter_time  total_time
   0  2.479503e+05    0.00e+00    2.29e+02   0.00e+00   0.00e+00  1.00e+04        0    8.58e-02    5.75e-01

CHOLMOD version 3.0.14, Oct 22, 2019: Symbolic Analysis: status: OK
  Architecture: Linux
    sizeof(int):      4
    sizeof(SuiteSparse_long):  8
    sizeof(void *):   8
    sizeof(double):   8
    sizeof(Int):      4 (CHOLMOD's basic integer)
    sizeof(BLAS_INT): 4 (integer used in the BLAS)
  Results from most recent analysis:
    Cholesky flop count: 3.1919e+07
    Nonzeros in L:       1.0465e+05
  memory blocks in use:          11
  memory in use (MB):           0.0
  peak memory usage (MB):       0.4
  maxrank:    update/downdate rank:   8
  supernodal control: 1 40 (supernodal if flops/lnz >= 40)
  nmethods:   number of ordering methods to try: 1
    method 0: natural
        flop count: 3.1919e+07
        nnz(L):     1.0465e+05
  OK
   1  2.479060e+05    4.44e+01    7.73e+00   2.64e+00   1.00e+00  3.00e+04        1    7.97e-01    1.37e+00
   2  2.479059e+05    2.87e-02    7.42e+00   2.29e-01   1.00e+00  9.00e+04        1    2.63e-01    1.63e+00
   3  2.479059e+05    3.54e-04    3.64e+00   5.64e-02   1.08e+00  2.70e+05        1    2.60e-01    1.89e+00
   4  2.479059e+05    2.32e-05    9.21e-01   1.69e-02   1.12e+00  8.10e+05        1    2.57e-01    2.15e+00


Bundle adjustment report
------------------------
    Residuals : 357954
   Parameters : 25030
   Iterations : 5
         Time : 2.15961 [s]
 Initial cost : 0.832279 [px]
   Final cost : 0.832204 [px]
  Termination : Convergence

  => Completed observations: 27
  => Merged observations: 0
  => Filtered observations: 6
  => Changed observations: 0.000184
  => Filtered images: 0

==============================================================================
Registering image #48 (78)
==============================================================================

  => Image sees 1839 / 2066 points

Pose refinement report
----------------------
    Residuals : 6142
   Parameters : 6
   Iterations : 14
         Time : 0.0462611 [s]
 Initial cost : 0.786774 [px]
   Final cost : 0.751695 [px]
  Termination : Convergence

  => Continued observations: 1739
  => Added observations: 261

Bundle adjustment report
------------------------
    Residuals : 33478
   Parameters : 1916
   Iterations : 7
         Time : 0.121205 [s]
 Initial cost : 0.706137 [px]
   Final cost : 0.701764 [px]
  Termination : Convergence

  => Merged observations: 241
  => Completed observations: 61
  => Filtered observations: 446
  => Changed observations: 0.038501

Bundle adjustment report
------------------------
    Residuals : 32366
   Parameters : 1889
   Iterations : 3
         Time : 0.054678 [s]
 Initial cost : 0.876853 [px]
   Final cost : 0.871729 [px]
  Termination : Convergence

  => Merged observations: 103
  => Completed observations: 78
  => Filtered observations: 17
  => Changed observations: 0.010363

==============================================================================
Registering image #46 (79)
==============================================================================

  => Image sees 1846 / 2122 points

Pose refinement report
----------------------
    Residuals : 5394
   Parameters : 6
   Iterations : 12
         Time : 0.0364189 [s]
 Initial cost : 0.756071 [px]
   Final cost : 0.740836 [px]
  Termination : Convergence

  => Continued observations: 1676
  => Added observations: 447

Bundle adjustment report
------------------------
    Residuals : 29746
   Parameters : 1523
   Iterations : 8
         Time : 0.129648 [s]
 Initial cost : 0.709734 [px]
   Final cost : 0.702919 [px]
  Termination : Convergence

  => Merged observations: 164
  => Completed observations: 165
  => Filtered observations: 382
  => Changed observations: 0.040460

Bundle adjustment report
------------------------
    Residuals : 29178
   Parameters : 1487
   Iterations : 2
         Time : 0.040622 [s]
 Initial cost : 0.871411 [px]
   Final cost : 0.865608 [px]
  Termination : Convergence

  => Merged observations: 177
  => Completed observations: 66
  => Filtered observations: 6
  => Changed observations: 0.014434

==============================================================================
Registering image #45 (80)
==============================================================================

  => Image sees 1905 / 2368 points

Pose refinement report
----------------------
    Residuals : 4724
   Parameters : 6
   Iterations : 7
         Time : 0.0200622 [s]
 Initial cost : 0.713269 [px]
   Final cost : 0.712818 [px]
  Termination : Convergence

  => Continued observations: 1668
  => Added observations: 655

Bundle adjustment report
------------------------
    Residuals : 30854
   Parameters : 2057
   Iterations : 16
         Time : 0.285763 [s]
 Initial cost : 0.706778 [px]
   Final cost : 0.698612 [px]
  Termination : Convergence

  => Merged observations: 326
  => Completed observations: 128
  => Filtered observations: 382
  => Changed observations: 0.045982

Bundle adjustment report
------------------------
    Residuals : 30350
   Parameters : 1973
   Iterations : 2
         Time : 0.0396049 [s]
 Initial cost : 0.863677 [px]
   Final cost : 0.858812 [px]
  Termination : Convergence

  => Merged observations: 91
  => Completed observations: 61
  => Filtered observations: 3
  => Changed observations: 0.008687

==============================================================================
Registering image #63 (81)
==============================================================================

  => Image sees 1750 / 2056 points

Pose refinement report
----------------------
    Residuals : 4388
   Parameters : 6
   Iterations : 12
         Time : 0.029068 [s]
 Initial cost : 0.742799 [px]
   Final cost : 0.738048 [px]
  Termination : Convergence

  => Continued observations: 1562
  => Added observations: 442

Bundle adjustment report
------------------------
    Residuals : 28556
   Parameters : 1913
   Iterations : 13
         Time : 0.197979 [s]
 Initial cost : 0.730558 [px]
   Final cost : 0.721425 [px]
  Termination : Convergence

  => Merged observations: 421
  => Completed observations: 128
  => Filtered observations: 407
  => Changed observations: 0.055591

Bundle adjustment report
------------------------
    Residuals : 28034
   Parameters : 1823
   Iterations : 2
         Time : 0.0357709 [s]
 Initial cost : 0.892156 [px]
   Final cost : 0.886559 [px]
  Termination : Convergence

  => Merged observations: 61
  => Completed observations: 77
  => Filtered observations: 12
  => Changed observations: 0.009055

==============================================================================
Registering image #64 (82)
==============================================================================

  => Image sees 1775 / 1991 points

Pose refinement report
----------------------
    Residuals : 4684
   Parameters : 6
   Iterations : 11
         Time : 0.0338559 [s]
 Initial cost : 0.728852 [px]
   Final cost : 0.720103 [px]
  Termination : Convergence

  => Continued observations: 1619
  => Added observations: 528

Bundle adjustment report
------------------------
    Residuals : 28726
   Parameters : 2198
   Iterations : 6
         Time : 0.149815 [s]
 Initial cost : 0.718884 [px]
   Final cost : 0.711811 [px]
  Termination : Convergence

  => Merged observations: 797
  => Completed observations: 163
  => Filtered observations: 323
  => Changed observations: 0.074149

Bundle adjustment report
------------------------
    Residuals : 28360
   Parameters : 2168
   Iterations : 2
         Time : 0.044457 [s]
 Initial cost : 0.879359 [px]
   Final cost : 0.873519 [px]
  Termination : Convergence

  => Merged observations: 139
  => Completed observations: 63
  => Filtered observations: 6
  => Changed observations: 0.013243

==============================================================================
Registering image #43 (83)
==============================================================================

  => Image sees 1828 / 1999 points

Pose refinement report
----------------------
    Residuals : 5382
   Parameters : 6
   Iterations : 11
         Time : 0.0368009 [s]
 Initial cost : 0.73157 [px]
   Final cost : 0.710995 [px]
  Termination : Convergence

  => Continued observations: 1712
  => Added observations: 471

Bundle adjustment report
------------------------
    Residuals : 31554
   Parameters : 2096
   Iterations : 6
         Time : 0.129994 [s]
 Initial cost : 0.688269 [px]
   Final cost : 0.681696 [px]
  Termination : Convergence

  => Merged observations: 1057
  => Completed observations: 162
  => Filtered observations: 351
  => Changed observations: 0.090090

Bundle adjustment report
------------------------
    Residuals : 28902
   Parameters : 1982
   Iterations : 2
         Time : 0.0433772 [s]
 Initial cost : 0.895656 [px]
   Final cost : 0.888232 [px]
  Termination : Convergence

  => Merged observations: 100
  => Completed observations: 80
  => Filtered observations: 18
  => Changed observations: 0.011555

==============================================================================
Retriangulation
==============================================================================

  => Completed observations: 454
  => Merged observations: 1083
  => Retriangulated observations: 0

==============================================================================
Global bundle adjustment
==============================================================================

iter      cost      cost_change  |gradient|   |step|    tr_ratio  tr_radius  ls_iter  iter_time  total_time
   0  2.698406e+05    0.00e+00    1.12e+04   0.00e+00   0.00e+00  1.00e+04        0    1.11e-01    6.15e-01

CHOLMOD version 3.0.14, Oct 22, 2019: Symbolic Analysis: status: OK
  Architecture: Linux
    sizeof(int):      4
    sizeof(SuiteSparse_long):  8
    sizeof(void *):   8
    sizeof(double):   8
    sizeof(Int):      4 (CHOLMOD's basic integer)
    sizeof(BLAS_INT): 4 (integer used in the BLAS)
  Results from most recent analysis:
    Cholesky flop count: 4.0063e+07
    Nonzeros in L:       1.2177e+05
  memory blocks in use:          11
  memory in use (MB):           0.0
  peak memory usage (MB):       0.5
  maxrank:    update/downdate rank:   8
  supernodal control: 1 40 (supernodal if flops/lnz >= 40)
  nmethods:   number of ordering methods to try: 1
    method 0: natural
        flop count: 4.0063e+07
        nnz(L):     1.2177e+05
  OK
   1  2.674927e+05    2.35e+03    6.31e+02   3.38e+01   9.99e-01  3.00e+04        1    9.67e-01    1.58e+00
   2  2.674890e+05    3.75e+00    2.17e+02   1.10e+01   1.02e+00  9.00e+04        1    3.23e-01    1.91e+00
   3  2.674888e+05    1.28e-01    2.39e+02   2.98e+00   1.04e+00  2.70e+05        1    3.30e-01    2.23e+00
   4  2.674887e+05    1.15e-01    1.46e+02   4.91e+00   1.00e+00  8.10e+05        1    3.10e-01    2.54e+00
   5  2.674886e+05    1.79e-01    4.48e+01   1.00e+01   9.97e-01  2.43e+06        1    3.15e-01    2.86e+00
   6  2.674884e+05    1.29e-01    1.01e+01   1.26e+01   9.95e-01  7.29e+06        1    3.14e-01    3.17e+00
   7  2.674884e+05    2.85e-02    3.47e+00   7.46e+00   1.01e+00  2.19e+07        1    3.26e-01    3.50e+00
   8  2.674884e+05    1.41e-03    2.00e+00   1.76e+00   1.03e+00  6.56e+07        1    3.23e-01    3.82e+00
   9  2.674884e+05    1.70e-05    5.40e-01   1.77e-01   1.07e+00  1.97e+08        1    3.11e-01    4.13e+00


Bundle adjustment report
------------------------
    Residuals : 382116
   Parameters : 27697
   Iterations : 10
         Time : 4.14221 [s]
 Initial cost : 0.840342 [px]
   Final cost : 0.836671 [px]
  Termination : Convergence

  => Completed observations: 126
  => Merged observations: 763
  => Filtered observations: 164
  => Changed observations: 0.005511

==============================================================================
Global bundle adjustment
==============================================================================

iter      cost      cost_change  |gradient|   |step|    tr_ratio  tr_radius  ls_iter  iter_time  total_time
   0  2.675028e+05    0.00e+00    5.27e+03   0.00e+00   0.00e+00  1.00e+04        0    9.02e-02    5.86e-01

CHOLMOD version 3.0.14, Oct 22, 2019: Symbolic Analysis: status: OK
  Architecture: Linux
    sizeof(int):      4
    sizeof(SuiteSparse_long):  8
    sizeof(void *):   8
    sizeof(double):   8
    sizeof(Int):      4 (CHOLMOD's basic integer)
    sizeof(BLAS_INT): 4 (integer used in the BLAS)
  Results from most recent analysis:
    Cholesky flop count: 4.0063e+07
    Nonzeros in L:       1.2177e+05
  memory blocks in use:          11
  memory in use (MB):           0.0
  peak memory usage (MB):       0.5
  maxrank:    update/downdate rank:   8
  supernodal control: 1 40 (supernodal if flops/lnz >= 40)
  nmethods:   number of ordering methods to try: 1
    method 0: natural
        flop count: 4.0063e+07
        nnz(L):     1.2177e+05
  OK
   1  2.671718e+05    3.31e+02    3.05e+01   1.02e+01   1.00e+00  3.00e+04        1    9.54e-01    1.54e+00
   2  2.671716e+05    1.92e-01    1.50e+01   1.17e+00   1.01e+00  9.00e+04        1    3.22e-01    1.86e+00
   3  2.671716e+05    3.27e-03    1.99e+00   4.02e-01   1.04e+00  2.70e+05        1    3.19e-01    2.18e+00
   4  2.671716e+05    3.32e-03    3.45e+00   8.29e-01   1.00e+00  8.10e+05        1    3.12e-01    2.49e+00
   5  2.671716e+05    5.24e-03    2.53e+00   1.69e+00   1.00e+00  2.43e+06        1    3.24e-01    2.82e+00
   6  2.671716e+05    3.88e-03    2.00e+00   2.16e+00   1.00e+00  7.29e+06        1    3.04e-01    3.12e+00
   7  2.671716e+05    8.44e-04    2.00e+00   1.28e+00   1.01e+00  2.19e+07        1    3.16e-01    3.44e+00
   8  2.671716e+05    3.99e-05    7.57e-01   3.04e-01   1.03e+00  6.56e+07        1    3.26e-01    3.76e+00


Bundle adjustment report
------------------------
    Residuals : 381990
   Parameters : 27592
   Iterations : 9
         Time : 3.77208 [s]
 Initial cost : 0.836832 [px]
   Final cost : 0.836314 [px]
  Termination : Convergence

  => Completed observations: 115
  => Merged observations: 295
  => Filtered observations: 48
  => Changed observations: 0.002398

==============================================================================
Global bundle adjustment
==============================================================================

iter      cost      cost_change  |gradient|   |step|    tr_ratio  tr_radius  ls_iter  iter_time  total_time
   0  2.673196e+05    0.00e+00    2.30e+03   0.00e+00   0.00e+00  1.00e+04        0    8.46e-02    6.01e-01

CHOLMOD version 3.0.14, Oct 22, 2019: Symbolic Analysis: status: OK
  Architecture: Linux
    sizeof(int):      4
    sizeof(SuiteSparse_long):  8
    sizeof(void *):   8
    sizeof(double):   8
    sizeof(Int):      4 (CHOLMOD's basic integer)
    sizeof(BLAS_INT): 4 (integer used in the BLAS)
  Results from most recent analysis:
    Cholesky flop count: 4.0063e+07
    Nonzeros in L:       1.2177e+05
  memory blocks in use:          11
  memory in use (MB):           0.0
  peak memory usage (MB):       0.5
  maxrank:    update/downdate rank:   8
  supernodal control: 1 40 (supernodal if flops/lnz >= 40)
  nmethods:   number of ordering methods to try: 1
    method 0: natural
        flop count: 4.0063e+07
        nnz(L):     1.2177e+05
  OK
   1  2.672256e+05    9.40e+01    7.40e+01   6.84e+00   1.00e+00  3.00e+04        1    9.48e-01    1.55e+00
   2  2.672255e+05    6.36e-02    3.75e+00   5.71e-01   1.00e+00  9.00e+04        1    3.13e-01    1.86e+00
   3  2.672255e+05    4.30e-04    1.69e+00   1.05e-01   1.06e+00  2.70e+05        1    3.17e-01    2.18e+00
   4  2.672255e+05    1.79e-04    3.48e-01   1.81e-01   1.01e+00  8.10e+05        1    3.03e-01    2.48e+00


Bundle adjustment report
------------------------
    Residuals : 382114
   Parameters : 27565
   Iterations : 5
         Time : 2.49097 [s]
 Initial cost : 0.836409 [px]
   Final cost : 0.836262 [px]
  Termination : Convergence

  => Completed observations: 27
  => Merged observations: 71
  => Filtered observations: 18
  => Changed observations: 0.000607

==============================================================================
Global bundle adjustment
==============================================================================

iter      cost      cost_change  |gradient|   |step|    tr_ratio  tr_radius  ls_iter  iter_time  total_time
   0  2.672045e+05    0.00e+00    1.58e+02   0.00e+00   0.00e+00  1.00e+04        0    9.25e-02    5.92e-01

CHOLMOD version 3.0.14, Oct 22, 2019: Symbolic Analysis: status: OK
  Architecture: Linux
    sizeof(int):      4
    sizeof(SuiteSparse_long):  8
    sizeof(void *):   8
    sizeof(double):   8
    sizeof(Int):      4 (CHOLMOD's basic integer)
    sizeof(BLAS_INT): 4 (integer used in the BLAS)
  Results from most recent analysis:
    Cholesky flop count: 4.0063e+07
    Nonzeros in L:       1.2177e+05
  memory blocks in use:          11
  memory in use (MB):           0.0
  peak memory usage (MB):       0.5
  maxrank:    update/downdate rank:   8
  supernodal control: 1 40 (supernodal if flops/lnz >= 40)
  nmethods:   number of ordering methods to try: 1
    method 0: natural
        flop count: 4.0063e+07
        nnz(L):     1.2177e+05
  OK
   1  2.671883e+05    1.62e+01    2.99e+00   9.08e-01   1.00e+00  3.00e+04        1    9.57e-01    1.55e+00
   2  2.671883e+05    1.15e-03    1.65e+00   9.01e-02   1.02e+00  9.00e+04        1    3.05e-01    1.85e+00
   3  2.671883e+05    4.22e-05    7.42e-01   2.80e-02   1.07e+00  2.70e+05        1    3.04e-01    2.16e+00


Bundle adjustment report
------------------------
    Residuals : 382132
   Parameters : 27556
   Iterations : 4
         Time : 2.16647 [s]
 Initial cost : 0.83621 [px]
   Final cost : 0.836184 [px]
  Termination : Convergence

  => Completed observations: 16
  => Merged observations: 116
  => Filtered observations: 4
  => Changed observations: 0.000712

==============================================================================
Global bundle adjustment
==============================================================================

iter      cost      cost_change  |gradient|   |step|    tr_ratio  tr_radius  ls_iter  iter_time  total_time
   0  2.672635e+05    0.00e+00    4.23e+02   0.00e+00   0.00e+00  1.00e+04        0    7.81e-02    5.81e-01

CHOLMOD version 3.0.14, Oct 22, 2019: Symbolic Analysis: status: OK
  Architecture: Linux
    sizeof(int):      4
    sizeof(SuiteSparse_long):  8
    sizeof(void *):   8
    sizeof(double):   8
    sizeof(Int):      4 (CHOLMOD's basic integer)
    sizeof(BLAS_INT): 4 (integer used in the BLAS)
  Results from most recent analysis:
    Cholesky flop count: 4.0063e+07
    Nonzeros in L:       1.2177e+05
  memory blocks in use:          11
  memory in use (MB):           0.0
  peak memory usage (MB):       0.5
  maxrank:    update/downdate rank:   8
  supernodal control: 1 40 (supernodal if flops/lnz >= 40)
  nmethods:   number of ordering methods to try: 1
    method 0: natural
        flop count: 4.0063e+07
        nnz(L):     1.2177e+05
  OK
   1  2.672440e+05    1.95e+01    2.11e+00   4.80e-01   1.00e+00  3.00e+04        1    9.19e-01    1.50e+00
   2  2.672440e+05    9.39e-04    6.73e-01   4.10e-02   1.00e+00  9.00e+04        1    3.14e-01    1.81e+00


Bundle adjustment report
------------------------
    Residuals : 382156
   Parameters : 27547
   Iterations : 3
         Time : 1.82236 [s]
 Initial cost : 0.836276 [px]
   Final cost : 0.836245 [px]
  Termination : Convergence

  => Completed observations: 6
  => Merged observations: 0
  => Filtered observations: 1
  => Changed observations: 0.000037
  => Filtered images: 0

==============================================================================
Registering image #44 (84)
==============================================================================

  => Image sees 1773 / 1933 points

Pose refinement report
----------------------
    Residuals : 4968
   Parameters : 6
   Iterations : 21
         Time : 0.0589988 [s]
 Initial cost : 0.818809 [px]
   Final cost : 0.713667 [px]
  Termination : Convergence

  => Continued observations: 1668
  => Added observations: 281

Bundle adjustment report
------------------------
    Residuals : 25620
   Parameters : 2648
   Iterations : 7
         Time : 0.116077 [s]
 Initial cost : 0.746317 [px]
   Final cost : 0.738958 [px]
  Termination : Convergence

  => Merged observations: 392
  => Completed observations: 92
  => Filtered observations: 342
  => Changed observations: 0.053085

Bundle adjustment report
------------------------
    Residuals : 25244
   Parameters : 2612
   Iterations : 2
         Time : 0.035253 [s]
 Initial cost : 0.932972 [px]
   Final cost : 0.925854 [px]
  Termination : Convergence

  => Merged observations: 35
  => Completed observations: 80
  => Filtered observations: 9
  => Changed observations: 0.008068

==============================================================================
Registering image #62 (85)
==============================================================================

  => Image sees 1695 / 1829 points

Pose refinement report
----------------------
    Residuals : 5158
   Parameters : 6
   Iterations : 11
         Time : 0.0325258 [s]
 Initial cost : 0.766334 [px]
   Final cost : 0.755561 [px]
  Termination : Convergence

  => Continued observations: 1608
  => Added observations: 359

Bundle adjustment report
------------------------
    Residuals : 31458
   Parameters : 1538
   Iterations : 7
         Time : 0.150314 [s]
 Initial cost : 0.717908 [px]
   Final cost : 0.710264 [px]
  Termination : Convergence

  => Merged observations: 203
  => Completed observations: 138
  => Filtered observations: 468
  => Changed observations: 0.044241

Bundle adjustment report
------------------------
    Residuals : 29410
   Parameters : 1448
   Iterations : 3
         Time : 0.0601139 [s]
 Initial cost : 0.890228 [px]
   Final cost : 0.883206 [px]
  Termination : Convergence

  => Merged observations: 74
  => Completed observations: 54
  => Filtered observations: 18
  => Changed observations: 0.008285

==============================================================================
Registering image #61 (86)
==============================================================================

  => Image sees 1629 / 1734 points

Pose refinement report
----------------------
    Residuals : 4510
   Parameters : 6
   Iterations : 14
         Time : 0.0356438 [s]
 Initial cost : 0.745601 [px]
   Final cost : 0.73034 [px]
  Termination : Convergence

  => Continued observations: 1527
  => Added observations: 267

Bundle adjustment report
------------------------
    Residuals : 27352
   Parameters : 1820
   Iterations : 8
         Time : 0.141369 [s]
 Initial cost : 0.73694 [px]
   Final cost : 0.730215 [px]
  Termination : Convergence

  => Merged observations: 826
  => Completed observations: 139
  => Filtered observations: 373
  => Changed observations: 0.081382

Bundle adjustment report
------------------------
    Residuals : 26970
   Parameters : 1787
   Iterations : 2
         Time : 0.0399709 [s]
 Initial cost : 0.907498 [px]
   Final cost : 0.901072 [px]
  Termination : Convergence

  => Merged observations: 199
  => Completed observations: 48
  => Filtered observations: 10
  => Changed observations: 0.016947

==============================================================================
Registering image #66 (87)
==============================================================================

  => Image sees 1628 / 1703 points

Pose refinement report
----------------------
    Residuals : 5090
   Parameters : 6
   Iterations : 13
         Time : 0.0380669 [s]
 Initial cost : 0.762304 [px]
   Final cost : 0.754392 [px]
  Termination : Convergence

  => Continued observations: 1561
  => Added observations: 295

Bundle adjustment report
------------------------
    Residuals : 31010
   Parameters : 1493
   Iterations : 8
         Time : 0.157384 [s]
 Initial cost : 0.71108 [px]
   Final cost : 0.706113 [px]
  Termination : Convergence

  => Merged observations: 498
  => Completed observations: 132
  => Filtered observations: 417
  => Changed observations: 0.058371

Bundle adjustment report
------------------------
    Residuals : 27528
   Parameters : 1424
   Iterations : 3
         Time : 0.0565639 [s]
 Initial cost : 0.888278 [px]
   Final cost : 0.88219 [px]
  Termination : Convergence

  => Merged observations: 16
  => Completed observations: 53
  => Filtered observations: 9
  => Changed observations: 0.004991

==============================================================================
Registering image #47 (88)
==============================================================================

  => Image sees 1712 / 1797 points

Pose refinement report
----------------------
    Residuals : 6364
   Parameters : 6
   Iterations : 12
         Time : 0.0469029 [s]
 Initial cost : 0.772981 [px]
   Final cost : 0.762265 [px]
  Termination : Convergence

  => Continued observations: 1684
  => Added observations: 226

Bundle adjustment report
------------------------
    Residuals : 28962
   Parameters : 944
   Iterations : 7
         Time : 0.13395 [s]
 Initial cost : 0.751007 [px]
   Final cost : 0.747853 [px]
  Termination : Convergence

  => Merged observations: 757
  => Completed observations: 133
  => Filtered observations: 353
  => Changed observations: 0.072796

Bundle adjustment report
------------------------
    Residuals : 28306
   Parameters : 890
   Iterations : 2
         Time : 0.039983 [s]
 Initial cost : 0.960432 [px]
   Final cost : 0.957926 [px]
  Termination : Convergence

  => Merged observations: 100
  => Completed observations: 43
  => Filtered observations: 17
  => Changed observations: 0.009521

==============================================================================
Registering image #119 (89)
==============================================================================

  => Image sees 1754 / 1806 points

Pose refinement report
----------------------
    Residuals : 6136
   Parameters : 6
   Iterations : 12
         Time : 0.042717 [s]
 Initial cost : 0.784023 [px]
   Final cost : 0.743064 [px]
  Termination : Convergence

  => Continued observations: 1724
  => Added observations: 160

Bundle adjustment report
------------------------
    Residuals : 27326
   Parameters : 821
   Iterations : 8
         Time : 0.152972 [s]
 Initial cost : 0.722265 [px]
   Final cost : 0.71916 [px]
  Termination : Convergence

  => Merged observations: 214
  => Completed observations: 132
  => Filtered observations: 298
  => Changed observations: 0.040341

Bundle adjustment report
------------------------
    Residuals : 26786
   Parameters : 767
   Iterations : 2
         Time : 0.0377359 [s]
 Initial cost : 0.912526 [px]
   Final cost : 0.908625 [px]
  Termination : Convergence

  => Merged observations: 49
  => Completed observations: 43
  => Filtered observations: 5
  => Changed observations: 0.006369

==============================================================================
Registering image #114 (90)
==============================================================================

  => Image sees 1880 / 1903 points

Pose refinement report
----------------------
    Residuals : 6746
   Parameters : 6
   Iterations : 9
         Time : 0.0350819 [s]
 Initial cost : 0.730237 [px]
   Final cost : 0.709964 [px]
  Termination : Convergence

  => Continued observations: 1864
  => Added observations: 144

Bundle adjustment report
------------------------
    Residuals : 27984
   Parameters : 614
   Iterations : 6
         Time : 0.112781 [s]
 Initial cost : 0.710998 [px]
   Final cost : 0.708706 [px]
  Termination : Convergence

  => Merged observations: 421
  => Completed observations: 120
  => Filtered observations: 189
  => Changed observations: 0.043744

Bundle adjustment report
------------------------
    Residuals : 27816
   Parameters : 572
   Iterations : 2
         Time : 0.042815 [s]
 Initial cost : 0.919628 [px]
   Final cost : 0.917187 [px]
  Termination : Convergence

  => Merged observations: 11
  => Completed observations: 45
  => Filtered observations: 4
  => Changed observations: 0.003620

==============================================================================
Registering image #121 (91)
==============================================================================

  => Image sees 1684 / 1717 points

Pose refinement report
----------------------
    Residuals : 6186
   Parameters : 6
   Iterations : 10
         Time : 0.037267 [s]
 Initial cost : 0.754219 [px]
   Final cost : 0.735129 [px]
  Termination : Convergence

  => Continued observations: 1670
  => Added observations: 165

Bundle adjustment report
------------------------
    Residuals : 27430
   Parameters : 704
   Iterations : 7
         Time : 0.126566 [s]
 Initial cost : 0.708641 [px]
   Final cost : 0.706544 [px]
  Termination : Convergence

  => Merged observations: 524
  => Completed observations: 103
  => Filtered observations: 227
  => Changed observations: 0.052229

Bundle adjustment report
------------------------
    Residuals : 27076
   Parameters : 644
   Iterations : 2
         Time : 0.0379682 [s]
 Initial cost : 0.908362 [px]
   Final cost : 0.905569 [px]
  Termination : Convergence

  => Merged observations: 93
  => Completed observations: 31
  => Filtered observations: 6
  => Changed observations: 0.008038

==============================================================================
Registering image #103 (92)
==============================================================================

  => Image sees 1734 / 1761 points

Pose refinement report
----------------------
    Residuals : 6590
   Parameters : 6
   Iterations : 10
         Time : 0.0386081 [s]
 Initial cost : 0.736892 [px]
   Final cost : 0.726697 [px]
  Termination : Convergence

  => Continued observations: 1723
  => Added observations: 143

Bundle adjustment report
------------------------
    Residuals : 26880
   Parameters : 716
   Iterations : 5
         Time : 0.089066 [s]
 Initial cost : 0.7381 [px]
   Final cost : 0.735496 [px]
  Termination : Convergence

  => Merged observations: 382
  => Completed observations: 137
  => Filtered observations: 240
  => Changed observations: 0.047718

Bundle adjustment report
------------------------
    Residuals : 26544
   Parameters : 665
   Iterations : 2
         Time : 0.037986 [s]
 Initial cost : 0.949206 [px]
   Final cost : 0.94688 [px]
  Termination : Convergence

  => Merged observations: 42
  => Completed observations: 37
  => Filtered observations: 3
  => Changed observations: 0.005254

==============================================================================
Retriangulation
==============================================================================

  => Completed observations: 571
  => Merged observations: 3309
  => Retriangulated observations: 0

==============================================================================
Global bundle adjustment
==============================================================================

iter      cost      cost_change  |gradient|   |step|    tr_ratio  tr_radius  ls_iter  iter_time  total_time
   0  2.999816e+05    0.00e+00    1.49e+03   0.00e+00   0.00e+00  1.00e+04        0    9.85e-02    6.92e-01

CHOLMOD version 3.0.14, Oct 22, 2019: Symbolic Analysis: status: OK
  Architecture: Linux
    sizeof(int):      4
    sizeof(SuiteSparse_long):  8
    sizeof(void *):   8
    sizeof(double):   8
    sizeof(Int):      4 (CHOLMOD's basic integer)
    sizeof(BLAS_INT): 4 (integer used in the BLAS)
  Results from most recent analysis:
    Cholesky flop count: 5.4705e+07
    Nonzeros in L:       1.4988e+05
  memory blocks in use:          11
  memory in use (MB):           0.0
  peak memory usage (MB):       0.6
  maxrank:    update/downdate rank:   8
  supernodal control: 1 40 (supernodal if flops/lnz >= 40)
  nmethods:   number of ordering methods to try: 1
    method 0: natural
        flop count: 5.4705e+07
        nnz(L):     1.4988e+05
  OK
   1  2.982634e+05    1.72e+03    4.59e+03   2.17e+01   1.00e+00  3.00e+04        1    1.08e+00    1.77e+00
   2  2.982574e+05    6.05e+00    6.63e+03   6.01e+00   1.03e+00  9.00e+04        1    3.52e-01    2.12e+00
   3  2.982564e+05    1.01e+00    1.84e+03   3.20e+00   1.08e+00  2.70e+05        1    3.57e-01    2.48e+00
   4  2.982563e+05    8.81e-02    8.45e+01   2.13e+00   1.09e+00  8.10e+05        1    3.48e-01    2.83e+00
   5  2.982563e+05    2.88e-02    1.03e+02   3.83e+00   1.01e+00  2.43e+06        1    3.44e-01    3.17e+00
   6  2.982562e+05    2.09e-02    2.37e+01   5.04e+00   1.00e+00  7.29e+06        1    3.41e-01    3.51e+00
   7  2.982562e+05    4.99e-03    2.22e+00   3.19e+00   1.01e+00  2.19e+07        1    3.56e-01    3.87e+00
   8  2.982562e+05    2.64e-04    1.59e+00   8.05e-01   1.03e+00  6.56e+07        1    3.46e-01    4.21e+00
   9  2.982562e+05    3.55e-06    2.15e-01   8.46e-02   1.06e+00  1.97e+08        1    3.49e-01    4.56e+00


Bundle adjustment report
------------------------
    Residuals : 414418
   Parameters : 28960
   Iterations : 10
         Time : 4.57266 [s]
 Initial cost : 0.850801 [px]
   Final cost : 0.848351 [px]
  Termination : Convergence

  => Completed observations: 95
  => Merged observations: 572
  => Filtered observations: 188
  => Changed observations: 0.004126

==============================================================================
Global bundle adjustment
==============================================================================

iter      cost      cost_change  |gradient|   |step|    tr_ratio  tr_radius  ls_iter  iter_time  total_time
   0  2.976312e+05    0.00e+00    4.61e+03   0.00e+00   0.00e+00  1.00e+04        0    1.18e-01    7.82e-01

CHOLMOD version 3.0.14, Oct 22, 2019: Symbolic Analysis: status: OK
  Architecture: Linux
    sizeof(int):      4
    sizeof(SuiteSparse_long):  8
    sizeof(void *):   8
    sizeof(double):   8
    sizeof(Int):      4 (CHOLMOD's basic integer)
    sizeof(BLAS_INT): 4 (integer used in the BLAS)
  Results from most recent analysis:
    Cholesky flop count: 5.4705e+07
    Nonzeros in L:       1.4988e+05
  memory blocks in use:          11
  memory in use (MB):           0.0
  peak memory usage (MB):       0.6
  maxrank:    update/downdate rank:   8
  supernodal control: 1 40 (supernodal if flops/lnz >= 40)
  nmethods:   number of ordering methods to try: 1
    method 0: natural
        flop count: 5.4705e+07
        nnz(L):     1.4988e+05
  OK
   1  2.973888e+05    2.42e+02    8.89e+00   8.47e+00   1.00e+00  3.00e+04        1    1.19e+00    1.97e+00
   2  2.973886e+05    2.38e-01    7.91e+01   9.97e-01   1.01e+00  9.00e+04        1    3.49e-01    2.32e+00
   3  2.973886e+05    8.94e-03    2.66e+01   3.12e-01   1.08e+00  2.70e+05        1    3.58e-01    2.68e+00
   4  2.973886e+05    1.13e-03    1.54e+00   3.29e-01   1.06e+00  8.10e+05        1    3.48e-01    3.02e+00
   5  2.973886e+05    9.21e-04    1.99e+00   6.56e-01   1.00e+00  2.43e+06        1    3.49e-01    3.37e+00
   6  2.973886e+05    7.20e-04    2.00e+00   8.71e-01   1.00e+00  7.29e+06        1    3.42e-01    3.72e+00
   7  2.973886e+05    1.73e-04    1.62e+00   5.53e-01   1.01e+00  2.19e+07        1    3.57e-01    4.07e+00
   8  2.973886e+05    9.12e-06    2.54e-01   1.40e-01   1.03e+00  6.56e+07        1    3.44e-01    4.42e+00


Bundle adjustment report
------------------------
    Residuals : 414222
   Parameters : 28897
   Iterations : 9
         Time : 4.42817 [s]
 Initial cost : 0.847662 [px]
   Final cost : 0.847316 [px]
  Termination : Convergence

  => Completed observations: 101
  => Merged observations: 577
  => Filtered observations: 58
  => Changed observations: 0.003554

==============================================================================
Global bundle adjustment
==============================================================================

iter      cost      cost_change  |gradient|   |step|    tr_ratio  tr_radius  ls_iter  iter_time  total_time
   0  2.975837e+05    0.00e+00    1.47e+03   0.00e+00   0.00e+00  1.00e+04        0    1.16e-01    6.89e-01

CHOLMOD version 3.0.14, Oct 22, 2019: Symbolic Analysis: status: OK
  Architecture: Linux
    sizeof(int):      4
    sizeof(SuiteSparse_long):  8
    sizeof(void *):   8
    sizeof(double):   8
    sizeof(Int):      4 (CHOLMOD's basic integer)
    sizeof(BLAS_INT): 4 (integer used in the BLAS)
  Results from most recent analysis:
    Cholesky flop count: 5.4705e+07
    Nonzeros in L:       1.4988e+05
  memory blocks in use:          11
  memory in use (MB):           0.0
  peak memory usage (MB):       0.6
  maxrank:    update/downdate rank:   8
  supernodal control: 1 40 (supernodal if flops/lnz >= 40)
  nmethods:   number of ordering methods to try: 1
    method 0: natural
        flop count: 5.4705e+07
        nnz(L):     1.4988e+05
  OK
   1  2.974912e+05    9.25e+01    1.06e+01   4.14e+00   1.00e+00  3.00e+04        1    1.12e+00    1.81e+00
   2  2.974912e+05    6.76e-02    3.52e+01   6.06e-01   1.01e+00  9.00e+04        1    3.45e-01    2.15e+00
   3  2.974912e+05    2.76e-03    1.72e+01   1.57e-01   1.08e+00  2.70e+05        1    3.45e-01    2.50e+00
   4  2.974912e+05    5.54e-04    5.39e+00   2.57e-01   1.04e+00  8.10e+05        1    3.68e-01    2.87e+00
   5  2.974912e+05    6.50e-04    1.70e+00   5.51e-01   1.00e+00  2.43e+06        1    3.41e-01    3.21e+00
   6  2.974912e+05    5.16e-04    1.83e+00   7.36e-01   1.00e+00  7.29e+06        1    3.56e-01    3.56e+00
   7  2.974912e+05    1.24e-04    9.89e-01   4.68e-01   1.01e+00  2.19e+07        1    3.55e-01    3.92e+00


Bundle adjustment report
------------------------
    Residuals : 414308
   Parameters : 28855
   Iterations : 8
         Time : 3.92693 [s]
 Initial cost : 0.847506 [px]
   Final cost : 0.847374 [px]
  Termination : Convergence

  => Completed observations: 40
  => Merged observations: 40
  => Filtered observations: 35
  => Changed observations: 0.000555

==============================================================================
Global bundle adjustment
==============================================================================

iter      cost      cost_change  |gradient|   |step|    tr_ratio  tr_radius  ls_iter  iter_time  total_time
   0  2.973928e+05    0.00e+00    9.36e+02   0.00e+00   0.00e+00  1.00e+04        0    1.05e-01    6.59e-01

CHOLMOD version 3.0.14, Oct 22, 2019: Symbolic Analysis: status: OK
  Architecture: Linux
    sizeof(int):      4
    sizeof(SuiteSparse_long):  8
    sizeof(void *):   8
    sizeof(double):   8
    sizeof(Int):      4 (CHOLMOD's basic integer)
    sizeof(BLAS_INT): 4 (integer used in the BLAS)
  Results from most recent analysis:
    Cholesky flop count: 5.4705e+07
    Nonzeros in L:       1.4988e+05
  memory blocks in use:          11
  memory in use (MB):           0.0
  peak memory usage (MB):       0.6
  maxrank:    update/downdate rank:   8
  supernodal control: 1 40 (supernodal if flops/lnz >= 40)
  nmethods:   number of ordering methods to try: 1
    method 0: natural
        flop count: 5.4705e+07
        nnz(L):     1.4988e+05
  OK
   1  2.973403e+05    5.26e+01    1.46e+01   2.01e+00   1.00e+00  3.00e+04        1    1.11e+00    1.77e+00
   2  2.973402e+05    2.61e-02    2.65e+00   3.11e-01   1.00e+00  9.00e+04        1    3.44e-01    2.11e+00
   3  2.973402e+05    4.24e-04    2.61e+00   1.14e-01   1.04e+00  2.70e+05        1    3.36e-01    2.45e+00
   4  2.973402e+05    3.64e-04    1.12e+00   2.52e-01   1.00e+00  8.10e+05        1    3.44e-01    2.79e+00
   5  2.973402e+05    5.93e-04    1.35e+00   5.30e-01   1.00e+00  2.43e+06        1    3.66e-01    3.16e+00
   6  2.973402e+05    4.75e-04    1.96e+00   7.06e-01   1.00e+00  7.29e+06        1    3.39e-01    3.50e+00
   7  2.973402e+05    1.14e-04    9.58e-01   4.48e-01   1.01e+00  2.19e+07        1    3.42e-01    3.84e+00


Bundle adjustment report
------------------------
    Residuals : 414318
   Parameters : 28852
   Iterations : 8
         Time : 3.84853 [s]
 Initial cost : 0.847224 [px]
   Final cost : 0.847149 [px]
  Termination : Convergence

  => Completed observations: 20
  => Merged observations: 58
  => Filtered observations: 12
  => Changed observations: 0.000434
  => Filtered images: 0

==============================================================================
Registering image #70 (93)
==============================================================================

  => Image sees 1593 / 1642 points

Pose refinement report
----------------------
    Residuals : 6134
   Parameters : 6
   Iterations : 13
         Time : 0.0466781 [s]
 Initial cost : 0.789175 [px]
   Final cost : 0.779719 [px]
  Termination : Convergence

  => Continued observations: 1577
  => Added observations: 104

Bundle adjustment report
------------------------
    Residuals : 31642
   Parameters : 1565
   Iterations : 6
         Time : 0.122801 [s]
 Initial cost : 0.712241 [px]
   Final cost : 0.709341 [px]
  Termination : Convergence

  => Merged observations: 214
  => Completed observations: 75
  => Filtered observations: 380
  => Changed observations: 0.036599

Bundle adjustment report
------------------------
    Residuals : 30978
   Parameters : 1547
   Iterations : 2
         Time : 0.0419779 [s]
 Initial cost : 0.901388 [px]
   Final cost : 0.898293 [px]
  Termination : Convergence

  => Merged observations: 13
  => Completed observations: 55
  => Filtered observations: 18
  => Changed observations: 0.004791

==============================================================================
Registering image #28 (94)
==============================================================================

  => Image sees 1600 / 1876 points

Pose refinement report
----------------------
    Residuals : 5132
   Parameters : 6
   Iterations : 14
         Time : 0.0410819 [s]
 Initial cost : 0.793236 [px]
   Final cost : 0.754114 [px]
  Termination : Convergence

  => Continued observations: 1483
  => Added observations: 305

Bundle adjustment report
------------------------
    Residuals : 28924
   Parameters : 1238
   Iterations : 17
         Time : 0.321912 [s]
 Initial cost : 0.734108 [px]
   Final cost : 0.729728 [px]
  Termination : Convergence

  => Merged observations: 498
  => Completed observations: 121
  => Filtered observations: 305
  => Changed observations: 0.054697

Bundle adjustment report
------------------------
    Residuals : 28940
   Parameters : 1163
   Iterations : 3
         Time : 0.055553 [s]
 Initial cost : 0.905832 [px]
   Final cost : 0.901439 [px]
  Termination : Convergence

  => Merged observations: 163
  => Completed observations: 48
  => Filtered observations: 16
  => Changed observations: 0.013201

==============================================================================
Registering image #93 (95)
==============================================================================

  => Image sees 1734 / 1769 points

Pose refinement report
----------------------
    Residuals : 6434
   Parameters : 6
   Iterations : 10
         Time : 0.0375519 [s]
 Initial cost : 0.756758 [px]
   Final cost : 0.721049 [px]
  Termination : Convergence

  => Continued observations: 1727
  => Added observations: 134

Bundle adjustment report
------------------------
    Residuals : 28656
   Parameters : 689
   Iterations : 6
         Time : 0.116261 [s]
 Initial cost : 0.722144 [px]
   Final cost : 0.719974 [px]
  Termination : Convergence

  => Merged observations: 106
  => Completed observations: 93
  => Filtered observations: 261
  => Changed observations: 0.027201

Bundle adjustment report
------------------------
    Residuals : 28256
   Parameters : 668
   Iterations : 3
         Time : 0.0591719 [s]
 Initial cost : 0.931023 [px]
   Final cost : 0.928709 [px]
  Termination : Convergence

  => Merged observations: 58
  => Completed observations: 35
  => Filtered observations: 2
  => Changed observations: 0.005637

==============================================================================
Registering image #92 (96)
==============================================================================

  => Image sees 1757 / 1790 points

Pose refinement report
----------------------
    Residuals : 6194
   Parameters : 6
   Iterations : 8
         Time : 0.0307431 [s]
 Initial cost : 0.724667 [px]
   Final cost : 0.705706 [px]
  Termination : Convergence

  => Continued observations: 1743
  => Added observations: 112

Bundle adjustment report
------------------------
    Residuals : 28166
   Parameters : 695
   Iterations : 9
         Time : 0.165704 [s]
 Initial cost : 0.699877 [px]
   Final cost : 0.697714 [px]
  Termination : Convergence

  => Merged observations: 233
  => Completed observations: 113
  => Filtered observations: 258
  => Changed observations: 0.035454

Bundle adjustment report
------------------------
    Residuals : 28956
   Parameters : 668
   Iterations : 2
         Time : 0.0418279 [s]
 Initial cost : 0.874684 [px]
   Final cost : 0.872094 [px]
  Termination : Convergence

  => Merged observations: 67
  => Completed observations: 37
  => Filtered observations: 5
  => Changed observations: 0.006329

==============================================================================
Registering image #42 (97)
==============================================================================

  => Image sees 1495 / 1528 points

Pose refinement report
----------------------
    Residuals : 5718
   Parameters : 6
   Iterations : 24
         Time : 0.080267 [s]
 Initial cost : 0.822949 [px]
   Final cost : 0.781868 [px]
  Termination : Convergence

  => Continued observations: 1451
  => Added observations: 226

Bundle adjustment report
------------------------
    Residuals : 29678
   Parameters : 1268
   Iterations : 9
         Time : 0.173602 [s]
 Initial cost : 0.724513 [px]
   Final cost : 0.719104 [px]
  Termination : Convergence

  => Merged observations: 651
  => Completed observations: 128
  => Filtered observations: 406
  => Changed observations: 0.067257

Bundle adjustment report
------------------------
    Residuals : 29114
   Parameters : 1202
   Iterations : 2
         Time : 0.0414879 [s]
 Initial cost : 0.89973 [px]
   Final cost : 0.895707 [px]
  Termination : Convergence

  => Merged observations: 44
  => Completed observations: 51
  => Filtered observations: 2
  => Changed observations: 0.005540

==============================================================================
Registering image #15 (98)
==============================================================================

  => Image sees 1631 / 1923 points

Pose refinement report
----------------------
    Residuals : 5934
   Parameters : 6
   Iterations : 11
         Time : 0.038214 [s]
 Initial cost : 0.749044 [px]
   Final cost : 0.735391 [px]
  Termination : Convergence

  => Continued observations: 1591
  => Added observations: 222

Bundle adjustment report
------------------------
    Residuals : 27656
   Parameters : 1088
   Iterations : 5
         Time : 0.0963519 [s]
 Initial cost : 0.72439 [px]
   Final cost : 0.722073 [px]
  Termination : Convergence

  => Merged observations: 509
  => Completed observations: 143
  => Filtered observations: 206
  => Changed observations: 0.053061

Bundle adjustment report
------------------------
    Residuals : 27310
   Parameters : 1028
   Iterations : 3
         Time : 0.0582731 [s]
 Initial cost : 0.943623 [px]
   Final cost : 0.939743 [px]
  Termination : Convergence

  => Merged observations: 20
  => Completed observations: 67
  => Filtered observations: 8
  => Changed observations: 0.005939

==============================================================================
Registering image #29 (99)
==============================================================================

  => Image sees 1574 / 1949 points

Pose refinement report
----------------------
    Residuals : 3916
   Parameters : 6
   Iterations : 12
         Time : 0.0272138 [s]
 Initial cost : 0.750407 [px]
   Final cost : 0.738404 [px]
  Termination : Convergence

  => Continued observations: 1305
  => Added observations: 659

Bundle adjustment report
------------------------
    Residuals : 28726
   Parameters : 1574
   Iterations : 17
         Time : 0.332021 [s]
 Initial cost : 0.707306 [px]
   Final cost : 0.69983 [px]
  Termination : Convergence

  => Merged observations: 154
  => Completed observations: 232
  => Filtered observations: 343
  => Changed observations: 0.043287

Bundle adjustment report
------------------------
    Residuals : 27656
   Parameters : 1526
   Iterations : 3
         Time : 0.055948 [s]
 Initial cost : 0.884188 [px]
   Final cost : 0.877549 [px]
  Termination : Convergence

  => Merged observations: 74
  => Completed observations: 58
  => Filtered observations: 3
  => Changed observations: 0.008309

==============================================================================
Registering image #11 (100)
==============================================================================

  => Image sees 1522 / 1636 points

Pose refinement report
----------------------
    Residuals : 5718
   Parameters : 6
   Iterations : 16
         Time : 0.0525529 [s]
 Initial cost : 0.772926 [px]
   Final cost : 0.75347 [px]
  Termination : Convergence

  => Continued observations: 1468
  => Added observations: 207

Bundle adjustment report
------------------------
    Residuals : 27100
   Parameters : 1046
   Iterations : 7
         Time : 0.124622 [s]
 Initial cost : 0.736141 [px]
   Final cost : 0.732693 [px]
  Termination : Convergence

  => Merged observations: 178
  => Completed observations: 135
  => Filtered observations: 274
  => Changed observations: 0.037215

Bundle adjustment report
------------------------
    Residuals : 26984
   Parameters : 1007
   Iterations : 2
         Time : 0.035393 [s]
 Initial cost : 0.937809 [px]
   Final cost : 0.934593 [px]
  Termination : Convergence

  => Merged observations: 12
  => Completed observations: 52
  => Filtered observations: 1
  => Changed observations: 0.004136

==============================================================================
Registering image #85 (101)
==============================================================================

  => Image sees 1654 / 1682 points

Pose refinement report
----------------------
    Residuals : 6232
   Parameters : 6
   Iterations : 10
         Time : 0.0355451 [s]
 Initial cost : 0.730857 [px]
   Final cost : 0.721244 [px]
  Termination : Convergence

  => Continued observations: 1646
  => Added observations: 149

Bundle adjustment report
------------------------
    Residuals : 28230
   Parameters : 683
   Iterations : 5
         Time : 0.0952799 [s]
 Initial cost : 0.698822 [px]
   Final cost : 0.696982 [px]
  Termination : Convergence

  => Merged observations: 285
  => Completed observations: 122
  => Filtered observations: 220
  => Changed observations: 0.036770

Bundle adjustment report
------------------------
    Residuals : 27926
   Parameters : 641
   Iterations : 2
         Time : 0.0403399 [s]
 Initial cost : 0.888941 [px]
   Final cost : 0.886376 [px]
  Termination : Convergence

  => Merged observations: 191
  => Completed observations: 41
  => Filtered observations: 5
  => Changed observations: 0.014023

==============================================================================
Registering image #30 (102)
==============================================================================

  => Image sees 1694 / 2058 points

Pose refinement report
----------------------
    Residuals : 3712
   Parameters : 6
   Iterations : 12
         Time : 0.0258381 [s]
 Initial cost : 0.764262 [px]
   Final cost : 0.737909 [px]
  Termination : Convergence

  => Continued observations: 1352
  => Added observations: 421

Bundle adjustment report
------------------------
    Residuals : 29432
   Parameters : 1466
   Iterations : 15
         Time : 0.28639 [s]
 Initial cost : 0.726818 [px]
   Final cost : 0.717555 [px]
  Termination : Convergence

  => Merged observations: 207
  => Completed observations: 151
  => Filtered observations: 407
  => Changed observations: 0.043377

Bundle adjustment report
------------------------
    Residuals : 28500
   Parameters : 1370
   Iterations : 2
         Time : 0.0390739 [s]
 Initial cost : 0.890564 [px]
   Final cost : 0.885188 [px]
  Termination : Convergence

  => Merged observations: 271
  => Completed observations: 41
  => Filtered observations: 3
  => Changed observations: 0.018618

==============================================================================
Retriangulation
==============================================================================

  => Completed observations: 581
  => Merged observations: 5020
  => Retriangulated observations: 0

==============================================================================
Global bundle adjustment
==============================================================================

iter      cost      cost_change  |gradient|   |step|    tr_ratio  tr_radius  ls_iter  iter_time  total_time
   0  3.317967e+05    0.00e+00    4.11e+04   0.00e+00   0.00e+00  1.00e+04        0    1.08e-01    7.45e-01

CHOLMOD version 3.0.14, Oct 22, 2019: Symbolic Analysis: status: OK
  Architecture: Linux
    sizeof(int):      4
    sizeof(SuiteSparse_long):  8
    sizeof(void *):   8
    sizeof(double):   8
    sizeof(Int):      4 (CHOLMOD's basic integer)
    sizeof(BLAS_INT): 4 (integer used in the BLAS)
  Results from most recent analysis:
    Cholesky flop count: 7.4734e+07
    Nonzeros in L:       1.8453e+05
  memory blocks in use:          11
  memory in use (MB):           0.0
  peak memory usage (MB):       0.7
  maxrank:    update/downdate rank:   8
  supernodal control: 1 40 (supernodal if flops/lnz >= 40)
  nmethods:   number of ordering methods to try: 1
    method 0: natural
        flop count: 7.4734e+07
        nnz(L):     1.8453e+05
  OK
   1  3.299807e+05    1.82e+03    3.29e+03   2.09e+01   1.00e+00  3.00e+04        1    1.27e+00    2.01e+00
   2  3.299780e+05    2.69e+00    7.92e+02   5.37e+00   1.02e+00  9.00e+04        1    3.93e-01    2.40e+00
   3  3.299779e+05    1.31e-01    4.23e+02   1.47e+00   1.06e+00  2.70e+05        1    3.78e-01    2.78e+00
   4  3.299778e+05    3.92e-02    1.61e+02   2.42e+00   1.02e+00  8.10e+05        1    3.82e-01    3.16e+00
   5  3.299778e+05    5.72e-02    5.78e+01   5.29e+00   1.00e+00  2.43e+06        1    3.79e-01    3.54e+00
   6  3.299777e+05    4.83e-02    1.75e+01   7.31e+00   1.00e+00  7.29e+06        1    3.83e-01    3.93e+00
   7  3.299777e+05    1.26e-02    6.30e+00   4.85e+00   1.01e+00  2.19e+07        1    3.96e-01    4.32e+00
   8  3.299777e+05    7.24e-04    2.00e+00   1.28e+00   1.02e+00  6.56e+07        1    4.11e-01    4.73e+00
   9  3.299777e+05    9.33e-06    1.58e-01   1.36e-01   1.05e+00  1.97e+08        1    4.00e-01    5.13e+00


Bundle adjustment report
------------------------
    Residuals : 448366
   Parameters : 30673
   Iterations : 10
         Time : 5.14644 [s]
 Initial cost : 0.86024 [px]
   Final cost : 0.857879 [px]
  Termination : Convergence

  => Completed observations: 99
  => Merged observations: 1067
  => Filtered observations: 187
  => Changed observations: 0.006035

==============================================================================
Global bundle adjustment
==============================================================================

iter      cost      cost_change  |gradient|   |step|    tr_ratio  tr_radius  ls_iter  iter_time  total_time
   0  3.294928e+05    0.00e+00    9.48e+03   0.00e+00   0.00e+00  1.00e+04        0    1.06e-01    7.68e-01

CHOLMOD version 3.0.14, Oct 22, 2019: Symbolic Analysis: status: OK
  Architecture: Linux
    sizeof(int):      4
    sizeof(SuiteSparse_long):  8
    sizeof(void *):   8
    sizeof(double):   8
    sizeof(Int):      4 (CHOLMOD's basic integer)
    sizeof(BLAS_INT): 4 (integer used in the BLAS)
  Results from most recent analysis:
    Cholesky flop count: 7.4734e+07
    Nonzeros in L:       1.8453e+05
  memory blocks in use:          11
  memory in use (MB):           0.0
  peak memory usage (MB):       0.7
  maxrank:    update/downdate rank:   8
  supernodal control: 1 40 (supernodal if flops/lnz >= 40)
  nmethods:   number of ordering methods to try: 1
    method 0: natural
        flop count: 7.4734e+07
        nnz(L):     1.8453e+05
  OK
   1  3.292174e+05    2.75e+02    1.11e+02   8.52e+00   1.00e+00  3.00e+04        1    1.37e+00    2.14e+00
   2  3.292172e+05    2.59e-01    6.30e+01   1.23e+00   1.01e+00  9.00e+04        1    5.37e-01    2.67e+00
   3  3.292171e+05    6.25e-03    2.82e+01   2.28e-01   1.07e+00  2.70e+05        1    3.92e-01    3.06e+00
   4  3.292171e+05    7.05e-04    7.77e+00   2.47e-01   1.06e+00  8.10e+05        1    4.01e-01    3.47e+00
   5  3.292171e+05    6.05e-04    2.23e+00   5.38e-01   1.00e+00  2.43e+06        1    3.91e-01    3.86e+00
   6  3.292171e+05    5.06e-04    1.92e+00   7.49e-01   1.00e+00  7.29e+06        1    3.90e-01    4.25e+00
   7  3.292171e+05    1.33e-04    1.01e+00   5.03e-01   1.01e+00  2.19e+07        1    4.25e-01    4.67e+00
   8  3.292171e+05    7.62e-06    9.25e-02   1.35e-01   1.02e+00  6.56e+07        1    4.75e-01    5.15e+00


Bundle adjustment report
------------------------
    Residuals : 448156
   Parameters : 30595
   Iterations : 9
         Time : 5.15766 [s]
 Initial cost : 0.857449 [px]
   Final cost : 0.85709 [px]
  Termination : Convergence

  => Completed observations: 113
  => Merged observations: 184
  => Filtered observations: 43
  => Changed observations: 0.001517

==============================================================================
Global bundle adjustment
==============================================================================

iter      cost      cost_change  |gradient|   |step|    tr_ratio  tr_radius  ls_iter  iter_time  total_time
   0  3.294539e+05    0.00e+00    6.91e+02   0.00e+00   0.00e+00  1.00e+04        0    1.13e-01    7.28e-01

CHOLMOD version 3.0.14, Oct 22, 2019: Symbolic Analysis: status: OK
  Architecture: Linux
    sizeof(int):      4
    sizeof(SuiteSparse_long):  8
    sizeof(void *):   8
    sizeof(double):   8
    sizeof(Int):      4 (CHOLMOD's basic integer)
    sizeof(BLAS_INT): 4 (integer used in the BLAS)
  Results from most recent analysis:
    Cholesky flop count: 7.4734e+07
    Nonzeros in L:       1.8453e+05
  memory blocks in use:          11
  memory in use (MB):           0.0
  peak memory usage (MB):       0.7
  maxrank:    update/downdate rank:   8
  supernodal control: 1 40 (supernodal if flops/lnz >= 40)
  nmethods:   number of ordering methods to try: 1
    method 0: natural
        flop count: 7.4734e+07
        nnz(L):     1.8453e+05
  OK
   1  3.293416e+05    1.12e+02    2.04e+01   3.77e+00   1.00e+00  3.00e+04        1    1.27e+00    2.00e+00
   2  3.293416e+05    3.32e-02    2.48e+00   4.13e-01   1.00e+00  9.00e+04        1    3.84e-01    2.38e+00
   3  3.293416e+05    1.46e-04    1.25e+00   5.74e-02   1.04e+00  2.70e+05        1    3.81e-01    2.76e+00
   4  3.293416e+05    5.84e-05    2.15e-01   1.01e-01   1.01e+00  8.10e+05        1    3.85e-01    3.15e+00


Bundle adjustment report
------------------------
    Residuals : 448284
   Parameters : 30574
   Iterations : 5
         Time : 3.15842 [s]
 Initial cost : 0.857276 [px]
   Final cost : 0.85713 [px]
  Termination : Convergence

  => Completed observations: 35
  => Merged observations: 17
  => Filtered observations: 25
  => Changed observations: 0.000344
  => Filtered images: 0

==============================================================================
Registering image #14 (103)
==============================================================================

  => Image sees 1695 / 2067 points

Pose refinement report
----------------------
    Residuals : 6138
   Parameters : 6
   Iterations : 11
         Time : 0.0393441 [s]
 Initial cost : 0.794906 [px]
   Final cost : 0.735147 [px]
  Termination : Convergence

  => Continued observations: 1602
  => Added observations: 266

Bundle adjustment report
------------------------
    Residuals : 32966
   Parameters : 2288
   Iterations : 5
         Time : 0.100114 [s]
 Initial cost : 0.711875 [px]
   Final cost : 0.708871 [px]
  Termination : Convergence

  => Merged observations: 118
  => Completed observations: 83
  => Filtered observations: 238
  => Changed observations: 0.022625

Bundle adjustment report
------------------------
    Residuals : 30634
   Parameters : 2243
   Iterations : 2
         Time : 0.038064 [s]
 Initial cost : 0.918329 [px]
   Final cost : 0.912724 [px]
  Termination : Convergence

  => Merged observations: 78
  => Completed observations: 65
  => Filtered observations: 11
  => Changed observations: 0.008942

==============================================================================
Registering image #111 (104)
==============================================================================

  => Image sees 1579 / 1637 points

Pose refinement report
----------------------
    Residuals : 5210
   Parameters : 6
   Iterations : 9
         Time : 0.0271671 [s]
 Initial cost : 0.77007 [px]
   Final cost : 0.740574 [px]
  Termination : Convergence

  => Continued observations: 1512
  => Added observations: 140

Bundle adjustment report
------------------------
    Residuals : 28378
   Parameters : 857
   Iterations : 12
         Time : 0.231054 [s]
 Initial cost : 0.71835 [px]
   Final cost : 0.714735 [px]
  Termination : Convergence

  => Merged observations: 140
  => Completed observations: 51
  => Filtered observations: 314
  => Changed observations: 0.029498

Bundle adjustment report
------------------------
    Residuals : 27840
   Parameters : 821
   Iterations : 3
         Time : 0.058785 [s]
 Initial cost : 0.888305 [px]
   Final cost : 0.885427 [px]
  Termination : Convergence

  => Merged observations: 103
  => Completed observations: 30
  => Filtered observations: 3
  => Changed observations: 0.008307

==============================================================================
Registering image #56 (105)
==============================================================================

  => Image sees 1514 / 1654 points

Pose refinement report
----------------------
    Residuals : 4752
   Parameters : 6
   Iterations : 16
         Time : 0.0430059 [s]
 Initial cost : 0.826324 [px]
   Final cost : 0.787305 [px]
  Termination : Convergence

  => Continued observations: 1376
  => Added observations: 241

Bundle adjustment report
------------------------
    Residuals : 29970
   Parameters : 1178
   Iterations : 6
         Time : 0.117883 [s]
 Initial cost : 0.740635 [px]
   Final cost : 0.73559 [px]
  Termination : Convergence

  => Merged observations: 386
  => Completed observations: 85
  => Filtered observations: 505
  => Changed observations: 0.055070

Bundle adjustment report
------------------------
    Residuals : 29050
   Parameters : 1094
   Iterations : 2
         Time : 0.0392978 [s]
 Initial cost : 0.901883 [px]
   Final cost : 0.896845 [px]
  Termination : Convergence

  => Merged observations: 7
  => Completed observations: 48
  => Filtered observations: 9
  => Changed observations: 0.003707

==============================================================================
Registering image #36 (106)
==============================================================================

  => Image sees 1649 / 1819 points

Pose refinement report
----------------------
    Residuals : 4684
   Parameters : 6
   Iterations : 10
         Time : 0.0268722 [s]
 Initial cost : 0.767897 [px]
   Final cost : 0.742856 [px]
  Termination : Convergence

  => Continued observations: 1486
  => Added observations: 428

Bundle adjustment report
------------------------
    Residuals : 29664
   Parameters : 1487
   Iterations : 6
         Time : 0.116068 [s]
 Initial cost : 0.720893 [px]
   Final cost : 0.714394 [px]
  Termination : Convergence

  => Merged observations: 325
  => Completed observations: 170
  => Filtered observations: 388
  => Changed observations: 0.049690

Bundle adjustment report
------------------------
    Residuals : 30148
   Parameters : 1388
   Iterations : 3
         Time : 0.061578 [s]
 Initial cost : 0.874236 [px]
   Final cost : 0.868308 [px]
  Termination : Convergence

  => Merged observations: 49
  => Completed observations: 64
  => Filtered observations: 6
  => Changed observations: 0.006800

==============================================================================
Registering image #54 (107)
==============================================================================

  => Image sees 1589 / 2138 points

Pose refinement report
----------------------
    Residuals : 2944
   Parameters : 6
   Iterations : 9
         Time : 0.0156219 [s]
 Initial cost : 0.713179 [px]
   Final cost : 0.706141 [px]
  Termination : Convergence

  => Continued observations: 1143
  => Added observations: 557

Bundle adjustment report
------------------------
    Residuals : 27420
   Parameters : 1844
   Iterations : 12
         Time : 0.216567 [s]
 Initial cost : 0.714189 [px]
   Final cost : 0.702713 [px]
  Termination : Convergence

  => Merged observations: 238
  => Completed observations: 153
  => Filtered observations: 290
  => Changed observations: 0.043055

Bundle adjustment report
------------------------
    Residuals : 26958
   Parameters : 1736
   Iterations : 3
         Time : 0.0548759 [s]
 Initial cost : 0.872569 [px]
   Final cost : 0.866689 [px]
  Termination : Convergence

  => Merged observations: 37
  => Completed observations: 30
  => Filtered observations: 6
  => Changed observations: 0.004682

==============================================================================
Registering image #109 (108)
==============================================================================

  => Image sees 1831 / 1975 points

Pose refinement report
----------------------
    Residuals : 5422
   Parameters : 6
   Iterations : 10
         Time : 0.0309889 [s]
 Initial cost : 0.734255 [px]
   Final cost : 0.725155 [px]
  Termination : Convergence

  => Continued observations: 1656
  => Added observations: 263

Bundle adjustment report
------------------------
    Residuals : 27810
   Parameters : 1040
   Iterations : 8
         Time : 0.149088 [s]
 Initial cost : 0.715828 [px]
   Final cost : 0.709475 [px]
  Termination : Convergence

  => Merged observations: 231
  => Completed observations: 108
  => Filtered observations: 296
  => Changed observations: 0.038163

Bundle adjustment report
------------------------
    Residuals : 26802
   Parameters : 1025
   Iterations : 2
         Time : 0.036608 [s]
 Initial cost : 0.899611 [px]
   Final cost : 0.895595 [px]
  Termination : Convergence

  => Merged observations: 105
  => Completed observations: 51
  => Filtered observations: 9
  => Changed observations: 0.010275

==============================================================================
Registering image #49 (109)
==============================================================================

  => Image sees 1464 / 1523 points

Pose refinement report
----------------------
    Residuals : 5578
   Parameters : 6
   Iterations : 13
         Time : 0.0415299 [s]
 Initial cost : 0.795449 [px]
   Final cost : 0.780663 [px]
  Termination : Convergence

  => Continued observations: 1403
  => Added observations: 237

Bundle adjustment report
------------------------
    Residuals : 27930
   Parameters : 938
   Iterations : 7
         Time : 0.127011 [s]
 Initial cost : 0.762861 [px]
   Final cost : 0.759759 [px]
  Termination : Convergence

  => Merged observations: 605
  => Completed observations: 100
  => Filtered observations: 353
  => Changed observations: 0.065361

Bundle adjustment report
------------------------
    Residuals : 27380
   Parameters : 872
   Iterations : 2
         Time : 0.0369489 [s]
 Initial cost : 0.978033 [px]
   Final cost : 0.975119 [px]
  Termination : Convergence

  => Merged observations: 61
  => Completed observations: 51
  => Filtered observations: 5
  => Changed observations: 0.007353

==============================================================================
Registering image #110 (110)
==============================================================================

  => Image sees 1621 / 1723 points

Pose refinement report
----------------------
    Residuals : 4934
   Parameters : 6
   Iterations : 11
         Time : 0.0308008 [s]
 Initial cost : 0.745062 [px]
   Final cost : 0.722631 [px]
  Termination : Convergence

  => Continued observations: 1500
  => Added observations: 173

Bundle adjustment report
------------------------
    Residuals : 26156
   Parameters : 896
   Iterations : 6
         Time : 0.102274 [s]
 Initial cost : 0.72434 [px]
   Final cost : 0.720078 [px]
  Termination : Convergence

  => Merged observations: 343
  => Completed observations: 136
  => Filtered observations: 277
  => Changed observations: 0.047936

Bundle adjustment report
------------------------
    Residuals : 25848
   Parameters : 839
   Iterations : 3
         Time : 0.050328 [s]
 Initial cost : 0.906624 [px]
   Final cost : 0.903194 [px]
  Termination : Convergence

  => Merged observations: 94
  => Completed observations: 32
  => Filtered observations: 2
  => Changed observations: 0.008197

==============================================================================
Registering image #37 (111)
==============================================================================

  => Image sees 1577 / 2168 points

Pose refinement report
----------------------
    Residuals : 2840
   Parameters : 6
   Iterations : 11
         Time : 0.0181189 [s]
 Initial cost : 0.718558 [px]
   Final cost : 0.704969 [px]
  Termination : Convergence

  => Continued observations: 1133
  => Added observations: 685

Bundle adjustment report
------------------------
    Residuals : 27988
   Parameters : 2150
   Iterations : 9
         Time : 0.173081 [s]
 Initial cost : 0.704996 [px]
   Final cost : 0.693921 [px]
  Termination : Convergence

  => Merged observations: 110
  => Completed observations: 144
  => Filtered observations: 335
  => Changed observations: 0.038331

Bundle adjustment report
------------------------
    Residuals : 27806
   Parameters : 2099
   Iterations : 3
         Time : 0.056488 [s]
 Initial cost : 0.849637 [px]
   Final cost : 0.842833 [px]
  Termination : Convergence

  => Merged observations: 64
  => Completed observations: 42
  => Filtered observations: 7
  => Changed observations: 0.007430

==============================================================================
Registering image #113 (112)
==============================================================================

  => Image sees 1480 / 1493 points

Pose refinement report
----------------------
    Residuals : 5790
   Parameters : 6
   Iterations : 8
         Time : 0.026643 [s]
 Initial cost : 0.749752 [px]
   Final cost : 0.729736 [px]
  Termination : Convergence

  => Continued observations: 1477
  => Added observations: 84

Bundle adjustment report
------------------------
    Residuals : 24992
   Parameters : 452
   Iterations : 6
         Time : 0.10175 [s]
 Initial cost : 0.734803 [px]
   Final cost : 0.733115 [px]
  Termination : Convergence

  => Merged observations: 87
  => Completed observations: 103
  => Filtered observations: 194
  => Changed observations: 0.025793

Bundle adjustment report
------------------------
    Residuals : 24962
   Parameters : 434
   Iterations : 2
         Time : 0.0374961 [s]
 Initial cost : 0.944038 [px]
   Final cost : 0.94221 [px]
  Termination : Convergence

  => Merged observations: 14
  => Completed observations: 22
  => Filtered observations: 2
  => Changed observations: 0.002571

==============================================================================
Registering image #35 (113)
==============================================================================

  => Image sees 1544 / 2009 points

Pose refinement report
----------------------
    Residuals : 2752
   Parameters : 6
   Iterations : 9
         Time : 0.0142989 [s]
 Initial cost : 0.679682 [px]
   Final cost : 0.659039 [px]
  Termination : Convergence

  => Continued observations: 1134
  => Added observations: 394

Bundle adjustment report
------------------------
    Residuals : 27710
   Parameters : 1961
   Iterations : 7
         Time : 0.132445 [s]
 Initial cost : 0.678266 [px]
   Final cost : 0.668168 [px]
  Termination : Convergence

  => Merged observations: 327
  => Completed observations: 111
  => Filtered observations: 245
  => Changed observations: 0.045888

Bundle adjustment report
------------------------
    Residuals : 27474
   Parameters : 1889
   Iterations : 3
         Time : 0.059242 [s]
 Initial cost : 0.833183 [px]
   Final cost : 0.827744 [px]
  Termination : Convergence

  => Merged observations: 27
  => Completed observations: 34
  => Filtered observations: 4
  => Changed observations: 0.004401

==============================================================================
Retriangulation
==============================================================================

  => Completed observations: 581
  => Merged observations: 2927
  => Retriangulated observations: 4

==============================================================================
Global bundle adjustment
==============================================================================

iter      cost      cost_change  |gradient|   |step|    tr_ratio  tr_radius  ls_iter  iter_time  total_time
   0  3.636755e+05    0.00e+00    5.87e+04   0.00e+00   0.00e+00  1.00e+04        0    1.17e-01    7.78e-01

CHOLMOD version 3.0.14, Oct 22, 2019: Symbolic Analysis: status: OK
  Architecture: Linux
    sizeof(int):      4
    sizeof(SuiteSparse_long):  8
    sizeof(void *):   8
    sizeof(double):   8
    sizeof(Int):      4 (CHOLMOD's basic integer)
    sizeof(BLAS_INT): 4 (integer used in the BLAS)
  Results from most recent analysis:
    Cholesky flop count: 1.0183e+08
    Nonzeros in L:       2.268e+05
  memory blocks in use:          11
  memory in use (MB):           0.0
  peak memory usage (MB):       0.9
  maxrank:    update/downdate rank:   8
  supernodal control: 1 40 (supernodal if flops/lnz >= 40)
  nmethods:   number of ordering methods to try: 1
    method 0: natural
        flop count: 1.0183e+08
        nnz(L):     2.268e+05
  OK
   1  3.610152e+05    2.66e+03    1.83e+03   2.71e+01   1.00e+00  3.00e+04        1    1.44e+00    2.22e+00
   2  3.610058e+05    9.48e+00    5.46e+02   1.12e+01   1.01e+00  9.00e+04        1    4.28e-01    2.64e+00
   3  3.610055e+05    2.61e-01    2.17e+02   3.15e+00   1.05e+00  2.70e+05        1    4.21e-01    3.07e+00
   4  3.610054e+05    1.30e-01    2.63e+02   4.95e+00   1.01e+00  8.10e+05        1    4.62e-01    3.53e+00
   5  3.610051e+05    2.22e-01    1.06e+02   1.07e+01   1.00e+00  2.43e+06        1    4.32e-01    3.96e+00
   6  3.610049e+05    2.02e-01    1.56e+01   1.55e+01   9.94e-01  7.29e+06        1    4.26e-01    4.39e+00
   7  3.610049e+05    6.03e-02    9.46e+00   1.09e+01   9.99e-01  2.19e+07        1    4.22e-01    4.81e+00
   8  3.610049e+05    4.20e-03    3.74e+00   3.08e+00   1.02e+00  6.56e+07        1    4.26e-01    5.23e+00
   9  3.610049e+05    5.42e-05    4.55e-01   3.44e-01   1.05e+00  1.97e+08        1    4.22e-01    5.66e+00


Bundle adjustment report
------------------------
    Residuals : 483548
   Parameters : 33667
   Iterations : 10
         Time : 5.66959 [s]
 Initial cost : 0.867236 [px]
   Final cost : 0.864046 [px]
  Termination : Convergence

  => Completed observations: 141
  => Merged observations: 789
  => Filtered observations: 221
  => Changed observations: 0.004761

==============================================================================
Global bundle adjustment
==============================================================================

iter      cost      cost_change  |gradient|   |step|    tr_ratio  tr_radius  ls_iter  iter_time  total_time
   0  3.593114e+05    0.00e+00    8.06e+03   0.00e+00   0.00e+00  1.00e+04        0    1.17e-01    7.72e-01

CHOLMOD version 3.0.14, Oct 22, 2019: Symbolic Analysis: status: OK
  Architecture: Linux
    sizeof(int):      4
    sizeof(SuiteSparse_long):  8
    sizeof(void *):   8
    sizeof(double):   8
    sizeof(Int):      4 (CHOLMOD's basic integer)
    sizeof(BLAS_INT): 4 (integer used in the BLAS)
  Results from most recent analysis:
    Cholesky flop count: 1.0183e+08
    Nonzeros in L:       2.268e+05
  memory blocks in use:          11
  memory in use (MB):           0.0
  peak memory usage (MB):       0.9
  maxrank:    update/downdate rank:   8
  supernodal control: 1 40 (supernodal if flops/lnz >= 40)
  nmethods:   number of ordering methods to try: 1
    method 0: natural
        flop count: 1.0183e+08
        nnz(L):     2.268e+05
  OK
   1  3.589849e+05    3.26e+02    2.05e+01   6.46e+00   9.99e-01  3.00e+04        1    1.48e+00    2.26e+00
   2  3.589846e+05    3.48e-01    3.77e+01   1.11e+00   1.00e+00  9.00e+04        1    4.21e-01    2.68e+00
   3  3.589846e+05    2.82e-03    1.55e+01   2.27e-01   1.08e+00  2.70e+05        1    4.23e-01    3.10e+00
   4  3.589846e+05    2.82e-04    4.16e+00   1.76e-01   1.06e+00  8.10e+05        1    4.12e-01    3.51e+00
   5  3.589846e+05    2.51e-04    1.12e+00   3.82e-01   1.00e+00  2.43e+06        1    4.44e-01    3.96e+00
   6  3.589846e+05    2.24e-04    1.01e+00   5.53e-01   1.00e+00  7.29e+06        1    4.10e-01    4.37e+00
   7  3.589846e+05    6.46e-05    6.44e-01   3.93e-01   1.01e+00  2.19e+07        1    4.12e-01    4.78e+00


Bundle adjustment report
------------------------
    Residuals : 483376
   Parameters : 33610
   Iterations : 8
         Time : 4.78969 [s]
 Initial cost : 0.86217 [px]
   Final cost : 0.861778 [px]
  Termination : Convergence

  => Completed observations: 141
  => Merged observations: 319
  => Filtered observations: 74
  => Changed observations: 0.002209

==============================================================================
Global bundle adjustment
==============================================================================

iter      cost      cost_change  |gradient|   |step|    tr_ratio  tr_radius  ls_iter  iter_time  total_time
   0  3.589115e+05    0.00e+00    3.61e+03   0.00e+00   0.00e+00  1.00e+04        0    1.28e-01    8.23e-01

CHOLMOD version 3.0.14, Oct 22, 2019: Symbolic Analysis: status: OK
  Architecture: Linux
    sizeof(int):      4
    sizeof(SuiteSparse_long):  8
    sizeof(void *):   8
    sizeof(double):   8
    sizeof(Int):      4 (CHOLMOD's basic integer)
    sizeof(BLAS_INT): 4 (integer used in the BLAS)
  Results from most recent analysis:
    Cholesky flop count: 1.0183e+08
    Nonzeros in L:       2.268e+05
  memory blocks in use:          11
  memory in use (MB):           0.0
  peak memory usage (MB):       0.9
  maxrank:    update/downdate rank:   8
  supernodal control: 1 40 (supernodal if flops/lnz >= 40)
  nmethods:   number of ordering methods to try: 1
    method 0: natural
        flop count: 1.0183e+08
        nnz(L):     2.268e+05
  OK
   1  3.588063e+05    1.05e+02    1.13e+01   2.02e+00   1.00e+00  3.00e+04        1    1.40e+00    2.22e+00
   2  3.588063e+05    1.76e-02    1.37e+01   3.36e-01   1.02e+00  9.00e+04        1    4.07e-01    2.63e+00
   3  3.588063e+05    6.67e-04    6.48e+00   1.28e-01   1.07e+00  2.70e+05        1    4.12e-01    3.04e+00
   4  3.588063e+05    3.33e-04    2.20e+00   2.57e-01   1.01e+00  8.10e+05        1    4.11e-01    3.45e+00
   5  3.588063e+05    5.48e-04    1.03e+00   5.70e-01   1.00e+00  2.43e+06        1    4.08e-01    3.86e+00
   6  3.588063e+05    4.97e-04    1.98e+00   8.24e-01   1.00e+00  7.29e+06        1    4.16e-01    4.28e+00
   7  3.588063e+05    1.44e-04    1.01e+00   5.86e-01   1.01e+00  2.19e+07        1    4.06e-01    4.68e+00
   8  3.588063e+05    9.15e-06    1.03e-01   1.68e-01   1.02e+00  6.56e+07        1    4.04e-01    5.09e+00


Bundle adjustment report
------------------------
    Residuals : 483510
   Parameters : 33595
   Iterations : 9
         Time : 5.10084 [s]
 Initial cost : 0.861571 [px]
   Final cost : 0.861444 [px]
  Termination : Convergence

  => Completed observations: 56
  => Merged observations: 53
  => Filtered observations: 23
  => Changed observations: 0.000546

==============================================================================
Global bundle adjustment
==============================================================================

iter      cost      cost_change  |gradient|   |step|    tr_ratio  tr_radius  ls_iter  iter_time  total_time
   0  3.588728e+05    0.00e+00    3.54e+02   0.00e+00   0.00e+00  1.00e+04        0    1.13e-01    7.47e-01

CHOLMOD version 3.0.14, Oct 22, 2019: Symbolic Analysis: status: OK
  Architecture: Linux
    sizeof(int):      4
    sizeof(SuiteSparse_long):  8
    sizeof(void *):   8
    sizeof(double):   8
    sizeof(Int):      4 (CHOLMOD's basic integer)
    sizeof(BLAS_INT): 4 (integer used in the BLAS)
  Results from most recent analysis:
    Cholesky flop count: 1.0183e+08
    Nonzeros in L:       2.268e+05
  memory blocks in use:          11
  memory in use (MB):           0.0
  peak memory usage (MB):       0.9
  maxrank:    update/downdate rank:   8
  supernodal control: 1 40 (supernodal if flops/lnz >= 40)
  nmethods:   number of ordering methods to try: 1
    method 0: natural
        flop count: 1.0183e+08
        nnz(L):     2.268e+05
  OK
   1  3.588224e+05    5.04e+01    1.63e+01   1.59e+00   1.00e+00  3.00e+04        1    1.39e+00    2.13e+00
   2  3.588224e+05    1.61e-02    1.12e+00   1.56e-01   1.00e+00  9.00e+04        1    4.16e-01    2.55e+00
   3  3.588224e+05    2.36e-04    2.73e-01   8.55e-02   1.01e+00  2.70e+05        1    4.06e-01    2.95e+00


Bundle adjustment report
------------------------
    Residuals : 483576
   Parameters : 33589
   Iterations : 4
         Time : 2.96429 [s]
 Initial cost : 0.861466 [px]
   Final cost : 0.861405 [px]
  Termination : Convergence

  => Completed observations: 15
  => Merged observations: 0
  => Filtered observations: 14
  => Changed observations: 0.000120
  => Filtered images: 0

==============================================================================
Registering image #33 (114)
==============================================================================

  => Image sees 1441 / 1730 points

Pose refinement report
----------------------
    Residuals : 3248
   Parameters : 6
   Iterations : 13
         Time : 0.02473 [s]
 Initial cost : 0.732567 [px]
   Final cost : 0.682847 [px]
  Termination : Convergence

  => Continued observations: 1206
  => Added observations: 359

Bundle adjustment report
------------------------
    Residuals : 32160
   Parameters : 2594
   Iterations : 6
         Time : 0.122474 [s]
 Initial cost : 0.696013 [px]
   Final cost : 0.689414 [px]
  Termination : Convergence

  => Merged observations: 510
  => Completed observations: 108
  => Filtered observations: 291
  => Changed observations: 0.049836

Bundle adjustment report
------------------------
    Residuals : 31762
   Parameters : 2489
   Iterations : 3
         Time : 0.0604441 [s]
 Initial cost : 0.86771 [px]
   Final cost : 0.861688 [px]
  Termination : Convergence

  => Merged observations: 189
  => Completed observations: 56
  => Filtered observations: 3
  => Changed observations: 0.013747

==============================================================================
Registering image #57 (115)
==============================================================================

  => Image sees 1597 / 1833 points

Pose refinement report
----------------------
    Residuals : 3716
   Parameters : 6
   Iterations : 9
         Time : 0.0197921 [s]
 Initial cost : 0.689803 [px]
   Final cost : 0.6779 [px]
  Termination : Convergence

  => Continued observations: 1366
  => Added observations: 394

Bundle adjustment report
------------------------
    Residuals : 30566
   Parameters : 1874
   Iterations : 10
         Time : 0.199278 [s]
 Initial cost : 0.701376 [px]
   Final cost : 0.695022 [px]
  Termination : Convergence

  => Merged observations: 480
  => Completed observations: 140
  => Filtered observations: 289
  => Changed observations: 0.049926

Bundle adjustment report
------------------------
    Residuals : 30116
   Parameters : 1748
   Iterations : 2
         Time : 0.0409689 [s]
 Initial cost : 0.872977 [px]
   Final cost : 0.867667 [px]
  Termination : Convergence

  => Merged observations: 131
  => Completed observations: 50
  => Filtered observations: 5
  => Changed observations: 0.010344

==============================================================================
Registering image #55 (116)
==============================================================================

  => Image sees 1578 / 1848 points

Pose refinement report
----------------------
    Residuals : 3612
   Parameters : 6
   Iterations : 10
         Time : 0.020534 [s]
 Initial cost : 0.743321 [px]
   Final cost : 0.676982 [px]
  Termination : Convergence

  => Continued observations: 1326
  => Added observations: 320

Bundle adjustment report
------------------------
    Residuals : 28236
   Parameters : 1889
   Iterations : 8
         Time : 0.151515 [s]
 Initial cost : 0.718033 [px]
   Final cost : 0.710936 [px]
  Termination : Convergence

  => Merged observations: 213
  => Completed observations: 163
  => Filtered observations: 296
  => Changed observations: 0.039571

Bundle adjustment report
------------------------
    Residuals : 28034
   Parameters : 1829
   Iterations : 2
         Time : 0.0406969 [s]
 Initial cost : 0.89348 [px]
   Final cost : 0.887211 [px]
  Termination : Convergence

  => Merged observations: 146
  => Completed observations: 60
  => Filtered observations: 10
  => Changed observations: 0.012799

==============================================================================
Registering image #107 (117)
==============================================================================

  => Image sees 1467 / 1505 points

Pose refinement report
----------------------
    Residuals : 5100
   Parameters : 6
   Iterations : 8
         Time : 0.0244989 [s]
 Initial cost : 0.738902 [px]
   Final cost : 0.727802 [px]
  Termination : Convergence

  => Continued observations: 1429
  => Added observations: 135

Bundle adjustment report
------------------------
    Residuals : 27324
   Parameters : 743
   Iterations : 14
         Time : 0.266421 [s]
 Initial cost : 0.714336 [px]
   Final cost : 0.710863 [px]
  Termination : Convergence

  => Merged observations: 102
  => Completed observations: 95
  => Filtered observations: 269
  => Changed observations: 0.028509

Bundle adjustment report
------------------------
    Residuals : 27074
   Parameters : 713
   Iterations : 2
         Time : 0.035419 [s]
 Initial cost : 0.899699 [px]
   Final cost : 0.895127 [px]
  Termination : Convergence

  => Merged observations: 7
  => Completed observations: 45
  => Filtered observations: 4
  => Changed observations: 0.003443

==============================================================================
Registering image #52 (118)
==============================================================================

  => Image sees 1465 / 1733 points

Pose refinement report
----------------------
    Residuals : 3344
   Parameters : 6
   Iterations : 13
         Time : 0.0253661 [s]
 Initial cost : 0.831881 [px]
   Final cost : 0.699747 [px]
  Termination : Convergence

  => Continued observations: 1266
  => Added observations: 423

Bundle adjustment report
------------------------
    Residuals : 27058
   Parameters : 1979
   Iterations : 8
         Time : 0.142042 [s]
 Initial cost : 0.703587 [px]
   Final cost : 0.694541 [px]
  Termination : Convergence

  => Merged observations: 349
  => Completed observations: 146
  => Filtered observations: 305
  => Changed observations: 0.053985

Bundle adjustment report
------------------------
    Residuals : 26586
   Parameters : 1865
   Iterations : 3
         Time : 0.055223 [s]
 Initial cost : 0.903779 [px]
   Final cost : 0.896797 [px]
  Termination : Convergence

  => Merged observations: 98
  => Completed observations: 83
  => Filtered observations: 7
  => Changed observations: 0.012124

==============================================================================
Registering image #68 (119)
==============================================================================

  => Image sees 1313 / 1351 points

Pose refinement report
----------------------
    Residuals : 4832
   Parameters : 6
   Iterations : 14
         Time : 0.039288 [s]
 Initial cost : 0.802342 [px]
   Final cost : 0.794291 [px]
  Termination : Convergence

  => Continued observations: 1242
  => Added observations: 181

Bundle adjustment report
------------------------
    Residuals : 27596
   Parameters : 764
   Iterations : 6
         Time : 0.11744 [s]
 Initial cost : 0.764232 [px]
   Final cost : 0.761429 [px]
  Termination : Convergence

  => Merged observations: 310
  => Completed observations: 102
  => Filtered observations: 404
  => Changed observations: 0.048897

Bundle adjustment report
------------------------
    Residuals : 26894
   Parameters : 698
   Iterations : 3
         Time : 0.054111 [s]
 Initial cost : 0.938609 [px]
   Final cost : 0.935654 [px]
  Termination : Convergence

  => Merged observations: 0
  => Completed observations: 35
  => Filtered observations: 9
  => Changed observations: 0.002767

==============================================================================
Registering image #12 (120)
==============================================================================

  => Image sees 1412 / 1596 points

Pose refinement report
----------------------
    Residuals : 5234
   Parameters : 6
   Iterations : 8
         Time : 0.0244992 [s]
 Initial cost : 0.749619 [px]
   Final cost : 0.743827 [px]
  Termination : Convergence

  => Continued observations: 1339
  => Added observations: 241

Bundle adjustment report
------------------------
    Residuals : 28896
   Parameters : 1073
   Iterations : 6
         Time : 0.127929 [s]
 Initial cost : 0.702176 [px]
   Final cost : 0.699257 [px]
  Termination : Convergence

  => Merged observations: 191
  => Completed observations: 120
  => Filtered observations: 237
  => Changed observations: 0.032666

Bundle adjustment report
------------------------
    Residuals : 26882
   Parameters : 1007
   Iterations : 2
         Time : 0.0387371 [s]
 Initial cost : 0.919263 [px]
   Final cost : 0.916259 [px]
  Termination : Convergence

  => Merged observations: 37
  => Completed observations: 56
  => Filtered observations: 5
  => Changed observations: 0.006118

==============================================================================
Registering image #34 (121)
==============================================================================

  => Image sees 1387 / 1472 points

Pose refinement report
----------------------
    Residuals : 3660
   Parameters : 6
   Iterations : 8
         Time : 0.0172751 [s]
 Initial cost : 0.725879 [px]
   Final cost : 0.724108 [px]
  Termination : Convergence

  => Continued observations: 1243
  => Added observations: 322

Bundle adjustment report
------------------------
    Residuals : 29004
   Parameters : 1508
   Iterations : 8
         Time : 0.156767 [s]
 Initial cost : 0.715277 [px]
   Final cost : 0.709303 [px]
  Termination : Convergence

  => Merged observations: 258
  => Completed observations: 166
  => Filtered observations: 314
  => Changed observations: 0.042404

Bundle adjustment report
------------------------
    Residuals : 28580
   Parameters : 1442
   Iterations : 2
         Time : 0.0390329 [s]
 Initial cost : 0.881909 [px]
   Final cost : 0.877025 [px]
  Termination : Convergence

  => Merged observations: 56
  => Completed observations: 44
  => Filtered observations: 5
  => Changed observations: 0.006108

==============================================================================
Registering image #108 (122)
==============================================================================

  => Image sees 1400 / 1457 points

Pose refinement report
----------------------
    Residuals : 4358
   Parameters : 6
   Iterations : 9
         Time : 0.0232 [s]
 Initial cost : 0.724528 [px]
   Final cost : 0.713595 [px]
  Termination : Convergence

  => Continued observations: 1308
  => Added observations: 127

Bundle adjustment report
------------------------
    Residuals : 25426
   Parameters : 764
   Iterations : 7
         Time : 0.122523 [s]
 Initial cost : 0.717891 [px]
   Final cost : 0.713908 [px]
  Termination : Convergence

  => Merged observations: 95
  => Completed observations: 89
  => Filtered observations: 221
  => Changed observations: 0.026258

Bundle adjustment report
------------------------
    Residuals : 25114
   Parameters : 728
   Iterations : 2
         Time : 0.034575 [s]
 Initial cost : 0.909733 [px]
   Final cost : 0.906274 [px]
  Termination : Convergence

  => Merged observations: 176
  => Completed observations: 31
  => Filtered observations: 4
  => Changed observations: 0.013822

==============================================================================
Registering image #105 (123)
==============================================================================

  => Image sees 1310 / 1327 points

Pose refinement report
----------------------
    Residuals : 4802
   Parameters : 6
   Iterations : 13
         Time : 0.0367661 [s]
 Initial cost : 0.825851 [px]
   Final cost : 0.757015 [px]
  Termination : Convergence

  => Continued observations: 1265
  => Added observations: 139

Bundle adjustment report
------------------------
    Residuals : 26970
   Parameters : 623
   Iterations : 5
         Time : 0.090143 [s]
 Initial cost : 0.720567 [px]
   Final cost : 0.717725 [px]
  Termination : Convergence

  => Merged observations: 555
  => Completed observations: 87
  => Filtered observations: 319
  => Changed observations: 0.059834

Bundle adjustment report
------------------------
    Residuals : 25860
   Parameters : 572
   Iterations : 2
         Time : 0.0349729 [s]
 Initial cost : 0.908698 [px]
   Final cost : 0.905397 [px]
  Termination : Convergence

  => Merged observations: 0
  => Completed observations: 49
  => Filtered observations: 7
  => Changed observations: 0.003528

==============================================================================
Registering image #112 (124)
==============================================================================

  => Image sees 1240 / 1242 points

Pose refinement report
----------------------
    Residuals : 4768
   Parameters : 6
   Iterations : 9
         Time : 0.024586 [s]
 Initial cost : 0.768584 [px]
   Final cost : 0.740442 [px]
  Termination : Convergence

  => Continued observations: 1221
  => Added observations: 104

Bundle adjustment report
------------------------
    Residuals : 26314
   Parameters : 518
   Iterations : 5
         Time : 0.087501 [s]
 Initial cost : 0.71549 [px]
   Final cost : 0.712462 [px]
  Termination : Convergence

  => Merged observations: 375
  => Completed observations: 102
  => Filtered observations: 240
  => Changed observations: 0.044443

Bundle adjustment report
------------------------
    Residuals : 26930
   Parameters : 440
   Iterations : 2
         Time : 0.036993 [s]
 Initial cost : 0.884735 [px]
   Final cost : 0.882907 [px]
  Termination : Convergence

  => Merged observations: 92
  => Completed observations: 30
  => Filtered observations: 3
  => Changed observations: 0.007792

==============================================================================
Registering image #53 (125)
==============================================================================

  => Image sees 1261 / 1364 points

Pose refinement report
----------------------
    Residuals : 3306
   Parameters : 6
   Iterations : 12
         Time : 0.023154 [s]
 Initial cost : 0.754881 [px]
   Final cost : 0.730759 [px]
  Termination : Convergence

  => Continued observations: 1113
  => Added observations: 335

Bundle adjustment report
------------------------
    Residuals : 29100
   Parameters : 1358
   Iterations : 11
         Time : 0.208874 [s]
 Initial cost : 0.72946 [px]
   Final cost : 0.723307 [px]
  Termination : Convergence

  => Merged observations: 208
  => Completed observations: 163
  => Filtered observations: 348
  => Changed observations: 0.041630

Bundle adjustment report
------------------------
    Residuals : 28726
   Parameters : 1280
   Iterations : 3
         Time : 0.057621 [s]
 Initial cost : 0.897399 [px]
   Final cost : 0.891747 [px]
  Termination : Convergence

  => Merged observations: 22
  => Completed observations: 48
  => Filtered observations: 4
  => Changed observations: 0.004335

==============================================================================
Retriangulation
==============================================================================

  => Completed observations: 706
  => Merged observations: 3080
  => Retriangulated observations: 1

==============================================================================
Global bundle adjustment
==============================================================================

iter      cost      cost_change  |gradient|   |step|    tr_ratio  tr_radius  ls_iter  iter_time  total_time
   0  3.919871e+05    0.00e+00    2.12e+04   0.00e+00   0.00e+00  1.00e+04        0    1.39e-01    8.60e-01

CHOLMOD version 3.0.14, Oct 22, 2019: Symbolic Analysis: status: OK
  Architecture: Linux
    sizeof(int):      4
    sizeof(SuiteSparse_long):  8
    sizeof(void *):   8
    sizeof(double):   8
    sizeof(Int):      4 (CHOLMOD's basic integer)
    sizeof(BLAS_INT): 4 (integer used in the BLAS)
  Results from most recent analysis:
    Cholesky flop count: 1.3811e+08
    Nonzeros in L:       2.7788e+05
  memory blocks in use:          11
  memory in use (MB):           0.0
  peak memory usage (MB):       1.1
  maxrank:    update/downdate rank:   8
  supernodal control: 1 40 (supernodal if flops/lnz >= 40)
  nmethods:   number of ordering methods to try: 1
    method 0: natural
        flop count: 1.3811e+08
        nnz(L):     2.7788e+05
  OK
   1  3.896405e+05    2.35e+03    6.38e+02   2.83e+01   1.00e+00  3.00e+04        1    1.63e+00    2.49e+00
   2  3.896368e+05    3.71e+00    2.07e+02   9.17e+00   1.01e+00  9.00e+04        1    4.97e-01    2.99e+00
   3  3.896367e+05    9.23e-02    1.07e+02   2.34e+00   1.03e+00  2.70e+05        1    4.83e-01    3.47e+00
   4  3.896367e+05    7.49e-02    5.92e+01   4.05e+00   1.00e+00  8.10e+05        1    4.81e-01    3.95e+00
   5  3.896365e+05    1.39e-01    2.18e+01   9.09e+00   1.00e+00  2.43e+06        1    5.03e-01    4.45e+00
   6  3.896364e+05    1.35e-01    8.49e+00   1.37e+01   9.97e-01  7.29e+06        1    4.85e-01    4.94e+00
   7  3.896363e+05    4.34e-02    4.82e+00   1.02e+01   1.00e+00  2.19e+07        1    4.82e-01    5.42e+00
   8  3.896363e+05    3.27e-03    2.35e+00   3.09e+00   1.02e+00  6.56e+07        1    4.78e-01    5.90e+00
   9  3.896363e+05    4.61e-05    4.11e-01   3.63e-01   1.04e+00  1.97e+08        1    4.73e-01    6.37e+00


Bundle adjustment report
------------------------
    Residuals : 518418
   Parameters : 35668
   Iterations : 10
         Time : 6.3836 [s]
 Initial cost : 0.869553 [px]
   Final cost : 0.866941 [px]
  Termination : Convergence

  => Completed observations: 141
  => Merged observations: 939
  => Filtered observations: 202
  => Changed observations: 0.004946

==============================================================================
Global bundle adjustment
==============================================================================

iter      cost      cost_change  |gradient|   |step|    tr_ratio  tr_radius  ls_iter  iter_time  total_time
   0  3.888504e+05    0.00e+00    1.52e+03   0.00e+00   0.00e+00  1.00e+04        0    1.26e-01    8.46e-01

CHOLMOD version 3.0.14, Oct 22, 2019: Symbolic Analysis: status: OK
  Architecture: Linux
    sizeof(int):      4
    sizeof(SuiteSparse_long):  8
    sizeof(void *):   8
    sizeof(double):   8
    sizeof(Int):      4 (CHOLMOD's basic integer)
    sizeof(BLAS_INT): 4 (integer used in the BLAS)
  Results from most recent analysis:
    Cholesky flop count: 1.3811e+08
    Nonzeros in L:       2.7788e+05
  memory blocks in use:          11
  memory in use (MB):           0.0
  peak memory usage (MB):       1.1
  maxrank:    update/downdate rank:   8
  supernodal control: 1 40 (supernodal if flops/lnz >= 40)
  nmethods:   number of ordering methods to try: 1
    method 0: natural
        flop count: 1.3811e+08
        nnz(L):     2.7788e+05
  OK
   1  3.885680e+05    2.82e+02    5.78e+00   4.68e+00   1.00e+00  3.00e+04        1    1.62e+00    2.46e+00
   2  3.885679e+05    1.26e-01    1.63e+01   1.19e+00   1.01e+00  9.00e+04        1    5.39e-01    3.00e+00
   3  3.885679e+05    1.82e-03    4.59e+00   1.76e-01   1.04e+00  2.70e+05        1    5.31e-01    3.53e+00
   4  3.885679e+05    2.19e-04    5.32e-01   1.75e-01   1.01e+00  8.10e+05        1    5.06e-01    4.04e+00


Bundle adjustment report
------------------------
    Residuals : 518268
   Parameters : 35584
   Iterations : 5
         Time : 4.04908 [s]
 Initial cost : 0.866192 [px]
   Final cost : 0.865877 [px]
  Termination : Convergence

  => Completed observations: 132
  => Merged observations: 1120
  => Filtered observations: 56
  => Changed observations: 0.005048

==============================================================================
Global bundle adjustment
==============================================================================

iter      cost      cost_change  |gradient|   |step|    tr_ratio  tr_radius  ls_iter  iter_time  total_time
   0  3.888936e+05    0.00e+00    3.76e+03   0.00e+00   0.00e+00  1.00e+04        0    1.29e-01    8.51e-01

CHOLMOD version 3.0.14, Oct 22, 2019: Symbolic Analysis: status: OK
  Architecture: Linux
    sizeof(int):      4
    sizeof(SuiteSparse_long):  8
    sizeof(void *):   8
    sizeof(double):   8
    sizeof(Int):      4 (CHOLMOD's basic integer)
    sizeof(BLAS_INT): 4 (integer used in the BLAS)
  Results from most recent analysis:
    Cholesky flop count: 1.3811e+08
    Nonzeros in L:       2.7788e+05
  memory blocks in use:          11
  memory in use (MB):           0.0
  peak memory usage (MB):       1.1
  maxrank:    update/downdate rank:   8
  supernodal control: 1 40 (supernodal if flops/lnz >= 40)
  nmethods:   number of ordering methods to try: 1
    method 0: natural
        flop count: 1.3811e+08
        nnz(L):     2.7788e+05
  OK
   1  3.887872e+05    1.06e+02    2.79e+01   3.49e+00   1.00e+00  3.00e+04        1    1.63e+00    2.48e+00
   2  3.887872e+05    6.64e-02    1.92e+01   6.29e-01   1.01e+00  9.00e+04        1    5.23e-01    3.01e+00
   3  3.887872e+05    1.75e-03    5.39e+00   1.93e-01   1.05e+00  2.70e+05        1    4.77e-01    3.48e+00
   4  3.887871e+05    1.15e-03    8.76e-01   4.33e-01   1.01e+00  8.10e+05        1    4.70e-01    3.95e+00


Bundle adjustment report
------------------------
    Residuals : 518414
   Parameters : 35539
   Iterations : 5
         Time : 3.96429 [s]
 Initial cost : 0.866118 [px]
   Final cost : 0.865999 [px]
  Termination : Convergence

  => Completed observations: 40
  => Merged observations: 209
  => Filtered observations: 22
  => Changed observations: 0.001045

==============================================================================
Global bundle adjustment
==============================================================================

iter      cost      cost_change  |gradient|   |step|    tr_ratio  tr_radius  ls_iter  iter_time  total_time
   0  3.887959e+05    0.00e+00    2.05e+03   0.00e+00   0.00e+00  1.00e+04        0    1.27e-01    8.51e-01

CHOLMOD version 3.0.14, Oct 22, 2019: Symbolic Analysis: status: OK
  Architecture: Linux
    sizeof(int):      4
    sizeof(SuiteSparse_long):  8
    sizeof(void *):   8
    sizeof(double):   8
    sizeof(Int):      4 (CHOLMOD's basic integer)
    sizeof(BLAS_INT): 4 (integer used in the BLAS)
  Results from most recent analysis:
    Cholesky flop count: 1.3811e+08
    Nonzeros in L:       2.7788e+05
  memory blocks in use:          11
  memory in use (MB):           0.0
  peak memory usage (MB):       1.1
  maxrank:    update/downdate rank:   8
  supernodal control: 1 40 (supernodal if flops/lnz >= 40)
  nmethods:   number of ordering methods to try: 1
    method 0: natural
        flop count: 1.3811e+08
        nnz(L):     2.7788e+05
  OK
   1  3.887603e+05    3.56e+01    1.41e+01   3.05e+00   9.99e-01  3.00e+04        1    1.61e+00    2.47e+00
   2  3.887602e+05    3.63e-02    1.97e+00   5.65e-01   1.00e+00  9.00e+04        1    4.65e-01    2.93e+00
   3  3.887602e+05    7.11e-04    5.02e-01   1.95e-01   1.00e+00  2.70e+05        1    4.63e-01    3.39e+00


Bundle adjustment report
------------------------
    Residuals : 518450
   Parameters : 35533
   Iterations : 4
         Time : 3.40644 [s]
 Initial cost : 0.865979 [px]
   Final cost : 0.865939 [px]
  Termination : Convergence

  => Completed observations: 14
  => Merged observations: 0
  => Filtered observations: 9
  => Changed observations: 0.000089
  => Filtered images: 0

==============================================================================
Registering image #50 (126)
==============================================================================

  => Image sees 1167 / 1229 points

Pose refinement report
----------------------
    Residuals : 3860
   Parameters : 6
   Iterations : 9
         Time : 0.021168 [s]
 Initial cost : 0.82128 [px]
   Final cost : 0.795284 [px]
  Termination : Convergence

  => Continued observations: 1050
  => Added observations: 256

Bundle adjustment report
------------------------
    Residuals : 32136
   Parameters : 1988
   Iterations : 20
         Time : 0.391286 [s]
 Initial cost : 0.739496 [px]
   Final cost : 0.734888 [px]
  Termination : Convergence

  => Merged observations: 215
  => Completed observations: 62
  => Filtered observations: 491
  => Changed observations: 0.040506

Bundle adjustment report
------------------------
    Residuals : 31262
   Parameters : 1850
   Iterations : 3
         Time : 0.0601158 [s]
 Initial cost : 0.907061 [px]
   Final cost : 0.901469 [px]
  Termination : Convergence

  => Merged observations: 13
  => Completed observations: 53
  => Filtered observations: 7
  => Changed observations: 0.004040

==============================================================================
Registering image #75 (127)
==============================================================================

  => Image sees 1201 / 1228 points

Pose refinement report
----------------------
    Residuals : 4764
   Parameters : 6
   Iterations : 17
         Time : 0.047477 [s]
 Initial cost : 0.828217 [px]
   Final cost : 0.814204 [px]
  Termination : Convergence

  => Continued observations: 1153
  => Added observations: 181

Bundle adjustment report
------------------------
    Residuals : 26948
   Parameters : 767
   Iterations : 5
         Time : 0.096508 [s]
 Initial cost : 0.79694 [px]
   Final cost : 0.794328 [px]
  Termination : Convergence

  => Merged observations: 437
  => Completed observations: 91
  => Filtered observations: 393
  => Changed observations: 0.056986

Bundle adjustment report
------------------------
    Residuals : 26246
   Parameters : 698
   Iterations : 2
         Time : 0.0374751 [s]
 Initial cost : 1.02128 [px]
   Final cost : 1.0187 [px]
  Termination : Convergence

  => Merged observations: 0
  => Completed observations: 25
  => Filtered observations: 12
  => Changed observations: 0.002340

==============================================================================
Registering image #51 (128)
==============================================================================

  => Image sees 979 / 1083 points

Pose refinement report
----------------------
    Residuals : 2650
   Parameters : 6
   Iterations : 13
         Time : 0.02005 [s]
 Initial cost : 0.768298 [px]
   Final cost : 0.764779 [px]
  Termination : Convergence

  => Continued observations: 862
  => Added observations: 215

Bundle adjustment report
------------------------
    Residuals : 25248
   Parameters : 989
   Iterations : 12
         Time : 0.208488 [s]
 Initial cost : 0.739118 [px]
   Final cost : 0.733236 [px]
  Termination : Convergence

  => Merged observations: 59
  => Completed observations: 104
  => Filtered observations: 302
  => Changed observations: 0.030645

Bundle adjustment report
------------------------
    Residuals : 27888
   Parameters : 911
   Iterations : 2
         Time : 0.0414991 [s]
 Initial cost : 0.888638 [px]
   Final cost : 0.884143 [px]
  Termination : Convergence

  => Merged observations: 87
  => Completed observations: 24
  => Filtered observations: 5
  => Changed observations: 0.007153

==============================================================================
Registering image #73 (129)
==============================================================================

  => Image sees 1289 / 1394 points

Pose refinement report
----------------------
    Residuals : 3122
   Parameters : 6
   Iterations : 9
         Time : 0.0160589 [s]
 Initial cost : 0.700228 [px]
   Final cost : 0.692101 [px]
  Termination : Convergence

  => Continued observations: 1120
  => Added observations: 328

Bundle adjustment report
------------------------
    Residuals : 28972
   Parameters : 1253
   Iterations : 6
         Time : 0.113067 [s]
 Initial cost : 0.714959 [px]
   Final cost : 0.708157 [px]
  Termination : Convergence

  => Merged observations: 214
  => Completed observations: 94
  => Filtered observations: 232
  => Changed observations: 0.031054

Bundle adjustment report
------------------------
    Residuals : 29076
   Parameters : 1208
   Iterations : 2
         Time : 0.0405231 [s]
 Initial cost : 0.893324 [px]
   Final cost : 0.889306 [px]
  Termination : Convergence

  => Merged observations: 14
  => Completed observations: 49
  => Filtered observations: 3
  => Changed observations: 0.003829

==============================================================================
Registering image #67 (130)
==============================================================================

  => Image sees 852 / 907 points

Pose refinement report
----------------------
    Residuals : 2352
   Parameters : 6
   Iterations : 14
         Time : 0.019362 [s]
 Initial cost : 0.798251 [px]
   Final cost : 0.787607 [px]
  Termination : Convergence

  => Continued observations: 725
  => Added observations: 182

Bundle adjustment report
------------------------
    Residuals : 26818
   Parameters : 740
   Iterations : 14
         Time : 0.244804 [s]
 Initial cost : 0.720554 [px]
   Final cost : 0.716541 [px]
  Termination : Convergence

  => Merged observations: 129
  => Completed observations: 75
  => Filtered observations: 267
  => Changed observations: 0.029226

Bundle adjustment report
------------------------
    Residuals : 25300
   Parameters : 674
   Iterations : 2
         Time : 0.0337451 [s]
 Initial cost : 0.888293 [px]
   Final cost : 0.885404 [px]
  Termination : Convergence

  => Merged observations: 33
  => Completed observations: 19
  => Filtered observations: 8
  => Changed observations: 0.003960

==============================================================================
Registering image #71 (131)
==============================================================================

  => Image sees 969 / 1025 points

Pose refinement report
----------------------
    Residuals : 2880
   Parameters : 6
   Iterations : 17
         Time : 0.0286081 [s]
 Initial cost : 0.77882 [px]
   Final cost : 0.747092 [px]
  Termination : Convergence

  => Continued observations: 882
  => Added observations: 177

Bundle adjustment report
------------------------
    Residuals : 24126
   Parameters : 896
   Iterations : 8
         Time : 0.125088 [s]
 Initial cost : 0.723151 [px]
   Final cost : 0.71635 [px]
  Termination : Convergence

  => Merged observations: 202
  => Completed observations: 121
  => Filtered observations: 217
  => Changed observations: 0.035986

Bundle adjustment report
------------------------
    Residuals : 22198
   Parameters : 866
   Iterations : 2
         Time : 0.0342681 [s]
 Initial cost : 0.936936 [px]
   Final cost : 0.932414 [px]
  Termination : Convergence

  => Merged observations: 34
  => Completed observations: 37
  => Filtered observations: 7
  => Changed observations: 0.005538

==============================================================================
Registering image #74 (132)
==============================================================================

  => Image sees 835 / 900 points

Pose refinement report
----------------------
    Residuals : 2488
   Parameters : 6
   Iterations : 14
         Time : 0.020494 [s]
 Initial cost : 0.824285 [px]
   Final cost : 0.8045 [px]
  Termination : Convergence

  => Continued observations: 745
  => Added observations: 216

Bundle adjustment report
------------------------
    Residuals : 25384
   Parameters : 791
   Iterations : 10
         Time : 0.169965 [s]
 Initial cost : 0.740859 [px]
   Final cost : 0.73625 [px]
  Termination : Convergence

  => Merged observations: 161
  => Completed observations: 109
  => Filtered observations: 327
  => Changed observations: 0.038223

Bundle adjustment report
------------------------
    Residuals : 25542
   Parameters : 755
   Iterations : 3
         Time : 0.051621 [s]
 Initial cost : 0.893511 [px]
   Final cost : 0.888348 [px]
  Termination : Convergence

  => Merged observations: 23
  => Completed observations: 37
  => Filtered observations: 10
  => Changed observations: 0.004631

==============================================================================
Registering image #69 (133)
==============================================================================

  => Image sees 929 / 963 points

Pose refinement report
----------------------
    Residuals : 2972
   Parameters : 6
   Iterations : 14
         Time : 0.0240541 [s]
 Initial cost : 0.766324 [px]
   Final cost : 0.742445 [px]
  Termination : Convergence

  => Continued observations: 867
  => Added observations: 219

Bundle adjustment report
------------------------
    Residuals : 27842
   Parameters : 908
   Iterations : 7
         Time : 0.132697 [s]
 Initial cost : 0.703138 [px]
   Final cost : 0.699375 [px]
  Termination : Convergence

  => Merged observations: 654
  => Completed observations: 95
  => Filtered observations: 253
  => Changed observations: 0.061768

Bundle adjustment report
------------------------
    Residuals : 26612
   Parameters : 833
   Iterations : 3
         Time : 0.0534091 [s]
 Initial cost : 0.901043 [px]
   Final cost : 0.895998 [px]
  Termination : Convergence

  => Merged observations: 213
  => Completed observations: 32
  => Filtered observations: 6
  => Changed observations: 0.015673

==============================================================================
Retriangulation
==============================================================================

  => Completed observations: 484
  => Merged observations: 3033
  => Retriangulated observations: 0

==============================================================================
Global bundle adjustment
==============================================================================

iter      cost      cost_change  |gradient|   |step|    tr_ratio  tr_radius  ls_iter  iter_time  total_time
   0  4.067361e+05    0.00e+00    1.36e+04   0.00e+00   0.00e+00  1.00e+04        0    1.30e-01    9.40e-01

CHOLMOD version 3.0.14, Oct 22, 2019: Symbolic Analysis: status: OK
  Architecture: Linux
    sizeof(int):      4
    sizeof(SuiteSparse_long):  8
    sizeof(void *):   8
    sizeof(double):   8
    sizeof(Int):      4 (CHOLMOD's basic integer)
    sizeof(BLAS_INT): 4 (integer used in the BLAS)
  Results from most recent analysis:
    Cholesky flop count: 1.6654e+08
    Nonzeros in L:       3.1482e+05
  memory blocks in use:          11
  memory in use (MB):           0.0
  peak memory usage (MB):       1.2
  maxrank:    update/downdate rank:   8
  supernodal control: 1 40 (supernodal if flops/lnz >= 40)
  nmethods:   number of ordering methods to try: 1
    method 0: natural
        flop count: 1.6654e+08
        nnz(L):     3.1482e+05
  OK
   1  4.054736e+05    1.26e+03    1.04e+03   1.11e+01   1.00e+00  3.00e+04        1    1.71e+00    2.65e+00
   2  4.054719e+05    1.69e+00    1.09e+03   2.64e+00   1.04e+00  9.00e+04        1    5.13e-01    3.17e+00
   3  4.054717e+05    1.54e-01    3.27e+02   1.08e+00   1.09e+00  2.70e+05        1    5.13e-01    3.68e+00
   4  4.054717e+05    9.82e-03    2.97e+01   3.39e-01   1.13e+00  8.10e+05        1    4.97e-01    4.18e+00
   5  4.054717e+05    5.74e-04    1.22e+00   3.43e-01   1.08e+00  2.43e+06        1    5.10e-01    4.69e+00
   6  4.054717e+05    2.45e-04    1.00e+00   5.07e-01   1.01e+00  7.29e+06        1    5.08e-01    5.19e+00
   7  4.054717e+05    7.81e-05    7.99e-01   3.91e-01   1.01e+00  2.19e+07        1    5.04e-01    5.70e+00


Bundle adjustment report
------------------------
    Residuals : 534660
   Parameters : 36841
   Iterations : 8
         Time : 5.71291 [s]
 Initial cost : 0.872203 [px]
   Final cost : 0.870846 [px]
  Termination : Convergence

  => Completed observations: 60
  => Merged observations: 723
  => Filtered observations: 109
  => Changed observations: 0.003337

==============================================================================
Global bundle adjustment
==============================================================================

iter      cost      cost_change  |gradient|   |step|    tr_ratio  tr_radius  ls_iter  iter_time  total_time
   0  4.051378e+05    0.00e+00    5.93e+03   0.00e+00   0.00e+00  1.00e+04        0    1.36e-01    8.59e-01

CHOLMOD version 3.0.14, Oct 22, 2019: Symbolic Analysis: status: OK
  Architecture: Linux
    sizeof(int):      4
    sizeof(SuiteSparse_long):  8
    sizeof(void *):   8
    sizeof(double):   8
    sizeof(Int):      4 (CHOLMOD's basic integer)
    sizeof(BLAS_INT): 4 (integer used in the BLAS)
  Results from most recent analysis:
    Cholesky flop count: 1.6654e+08
    Nonzeros in L:       3.1482e+05
  memory blocks in use:          11
  memory in use (MB):           0.0
  peak memory usage (MB):       1.2
  maxrank:    update/downdate rank:   8
  supernodal control: 1 40 (supernodal if flops/lnz >= 40)
  nmethods:   number of ordering methods to try: 1
    method 0: natural
        flop count: 1.6654e+08
        nnz(L):     3.1482e+05
  OK
   1  4.049805e+05    1.57e+02    2.88e+01   6.32e+00   1.00e+00  3.00e+04        1    1.75e+00    2.61e+00
   2  4.049804e+05    1.07e-01    1.96e+00   3.47e-01   1.01e+00  9.00e+04        1    5.05e-01    3.11e+00
   3  4.049804e+05    8.05e-04    7.16e-01   1.53e-01   1.02e+00  2.70e+05        1    5.00e-01    3.61e+00


Bundle adjustment report
------------------------
    Residuals : 534554
   Parameters : 36802
   Iterations : 4
         Time : 3.62644 [s]
 Initial cost : 0.870574 [px]
   Final cost : 0.870405 [px]
  Termination : Convergence

  => Completed observations: 78
  => Merged observations: 738
  => Filtered observations: 22
  => Changed observations: 0.003135

==============================================================================
Global bundle adjustment
==============================================================================

iter      cost      cost_change  |gradient|   |step|    tr_ratio  tr_radius  ls_iter  iter_time  total_time
   0  4.052704e+05    0.00e+00    3.82e+03   0.00e+00   0.00e+00  1.00e+04        0    1.19e-01    8.65e-01

CHOLMOD version 3.0.14, Oct 22, 2019: Symbolic Analysis: status: OK
  Architecture: Linux
    sizeof(int):      4
    sizeof(SuiteSparse_long):  8
    sizeof(void *):   8
    sizeof(double):   8
    sizeof(Int):      4 (CHOLMOD's basic integer)
    sizeof(BLAS_INT): 4 (integer used in the BLAS)
  Results from most recent analysis:
    Cholesky flop count: 1.6654e+08
    Nonzeros in L:       3.1482e+05
  memory blocks in use:          11
  memory in use (MB):           0.0
  peak memory usage (MB):       1.2
  maxrank:    update/downdate rank:   8
  supernodal control: 1 40 (supernodal if flops/lnz >= 40)
  nmethods:   number of ordering methods to try: 1
    method 0: natural
        flop count: 1.6654e+08
        nnz(L):     3.1482e+05
  OK
   1  4.052200e+05    5.05e+01    3.74e+01   1.04e+00   1.00e+00  3.00e+04        1    1.71e+00    2.57e+00
   2  4.052200e+05    7.24e-03    3.28e+00   1.54e-01   1.02e+00  9.00e+04        1    5.12e-01    3.09e+00
   3  4.052200e+05    1.20e-03    2.08e+00   2.31e-01   1.01e+00  2.70e+05        1    4.95e-01    3.58e+00
   4  4.052200e+05    2.81e-03    1.93e+00   6.28e-01   1.00e+00  8.10e+05        1    4.97e-01    4.08e+00
   5  4.052200e+05    5.31e-03    2.00e+00   1.42e+00   1.00e+00  2.43e+06        1    5.04e-01    4.58e+00
   6  4.052200e+05    5.28e-03    2.00e+00   2.18e+00   1.00e+00  7.29e+06        1    5.17e-01    5.10e+00
   7  4.052200e+05    1.74e-03    2.00e+00   1.68e+00   1.00e+00  2.19e+07        1    5.07e-01    5.61e+00
   8  4.052200e+05    1.28e-04    1.12e+00   5.25e-01   1.01e+00  6.56e+07        1    4.87e-01    6.09e+00
   9  4.052200e+05    1.89e-06    5.19e-02   6.30e-02   1.04e+00  1.97e+08        1    5.10e-01    6.60e+00


Bundle adjustment report
------------------------
    Residuals : 534666
   Parameters : 36775
   Iterations : 10
         Time : 6.61594 [s]
 Initial cost : 0.870625 [px]
   Final cost : 0.870571 [px]
  Termination : Convergence

  => Completed observations: 22
  => Merged observations: 0
  => Filtered observations: 14
  => Changed observations: 0.000135
  => Filtered images: 0

Elapsed time: 4.638 [minutes]
